PG,SG,SF,PF,C,G,F,UTIL,,Instructions
,,,,,,,,,1. Locate the player you want to select in the list below 
,,,,,,,,,2. Copy the ID of your player (you can use the Name + ID column or the ID column) 
,,,,,,,,,3. Paste the ID into the roster position desired 
,,,,,,,,,4. You must include an ID for each player; you cannot use just the player's name 
,,,,,,,,,5. You can create up to 500 lineups per file 
 
,,,,,,,,,Position,Name + ID,Name,ID,Roster Position,Salary,GameInfo,TeamAbbrev 
,,,,,,,,,PF/C,Anthony Davis (9654500),Anthony Davis,9654500,PF,10500,NO@MEM 10/18/2017 08:00PM ET,NO,
,,,,,,,,,PG,Damian Lillard (9654504),Damian Lillard,9654504,PG,10400,POR@PHO 10/18/2017 10:00PM ET,POR,
,,,,,,,,,PG/SF,Giannis Antetokounmpo (9654507),Giannis Antetokounmpo,9654507,PG,10300,MIL@BOS 10/18/2017 07:30PM ET,MIL,
,,,,,,,,,SG,James Harden (9654512),James Harden,9654512,SG,10200,HOU@SAC 10/18/2017 10:00PM ET,HOU,
,,,,,,,,,PF/C,DeMarcus Cousins (9654515),DeMarcus Cousins,9654515,PF,10000,NO@MEM 10/18/2017 08:00PM ET,NO,
,,,,,,,,,PG,John Wall (9654519),John Wall,9654519,PG,9800,PHI@WAS 10/18/2017 07:00PM ET,WAS,
,,,,,,,,,C,Karl-Anthony Towns (9654522),Karl-Anthony Towns,9654522,C,9400,MIN@SA 10/18/2017 09:30PM ET,MIN,
,,,,,,,,,PF/C,Nikola Jokic (9654524),Nikola Jokic,9654524,PF,9100,DEN@UTA 10/18/2017 09:00PM ET,DEN,
,,,,,,,,,C,Rudy Gobert (9654528),Rudy Gobert,9654528,C,8800,DEN@UTA 10/18/2017 09:00PM ET,UTA,
,,,,,,,,,PG,Kyrie Irving (9654530),Kyrie Irving,9654530,PG,8500,MIL@BOS 10/18/2017 07:30PM ET,BOS,
,,,,,,,,,C,Hassan Whiteside (9654533),Hassan Whiteside,9654533,C,8400,MIA@ORL 10/18/2017 07:00PM ET,MIA,
,,,,,,,,,SF/PF,Kawhi Leonard (9654535),Kawhi Leonard,9654535,SF,8200,MIN@SA 10/18/2017 09:30PM ET,SA,
,,,,,,,,,SG,Jimmy Butler (9654539),Jimmy Butler,9654539,SG,8100,MIN@SA 10/18/2017 09:30PM ET,MIN,
,,,,,,,,,PG,Chris Paul (9654542),Chris Paul,9654542,PG,8000,HOU@SAC 10/18/2017 10:00PM ET,HOU,
,,,,,,,,,PG,Kemba Walker (9654545),Kemba Walker,9654545,PG,7900,CHA@DET 10/18/2017 07:00PM ET,CHA,
,,,,,,,,,C,Marc Gasol (9654550),Marc Gasol,9654550,C,7800,NO@MEM 10/18/2017 08:00PM ET,MEM,
,,,,,,,,,C,Myles Turner (9654552),Myles Turner,9654552,C,7700,BKN@IND 10/18/2017 07:00PM ET,IND,
,,,,,,,,,PG,Mike Conley (9654554),Mike Conley,9654554,PG,7700,NO@MEM 10/18/2017 08:00PM ET,MEM,
,,,,,,,,,C,Andre Drummond (9654557),Andre Drummond,9654557,C,7600,CHA@DET 10/18/2017 07:00PM ET,DET,
,,,,,,,,,PG/SG,Eric Bledsoe (9654559),Eric Bledsoe,9654559,PG,7600,POR@PHO 10/18/2017 10:00PM ET,PHO,
,,,,,,,,,C,Jusuf Nurkic (9654563),Jusuf Nurkic,9654563,C,7500,POR@PHO 10/18/2017 10:00PM ET,POR,
,,,,,,,,,C,Nikola Vucevic (9654565),Nikola Vucevic,9654565,C,7400,MIA@ORL 10/18/2017 07:00PM ET,ORL,
,,,,,,,,,PG,Dennis Schroder (9654567),Dennis Schroder,9654567,PG,7400,ATL@DAL 10/18/2017 08:30PM ET,ATL,
,,,,,,,,,C,Joel Embiid (9654548),Joel Embiid,9654548,C,7300,PHI@WAS 10/18/2017 07:00PM ET,PHI,
,,,,,,,,,PF/C,LaMarcus Aldridge (9654570),LaMarcus Aldridge,9654570,PF,7300,MIN@SA 10/18/2017 09:30PM ET,SA,
,,,,,,,,,PF,Paul Millsap (9654574),Paul Millsap,9654574,PF,7200,DEN@UTA 10/18/2017 09:00PM ET,DEN,
,,,,,,,,,SG,C.J. McCollum (9654577),C.J. McCollum,9654577,SG,7200,POR@PHO 10/18/2017 10:00PM ET,POR,
,,,,,,,,,PG,Goran Dragic (9654583),Goran Dragic,9654583,PG,7100,MIA@ORL 10/18/2017 07:00PM ET,MIA,
,,,,,,,,,PG,Elfrid Payton (9654586),Elfrid Payton,9654586,PG,7100,MIA@ORL 10/18/2017 07:00PM ET,ORL,
,,,,,,,,,PG/SF,Ben Simmons (9654589),Ben Simmons,9654589,PG,7100,PHI@WAS 10/18/2017 07:00PM ET,PHI,
,,,,,,,,,PG,Ricky Rubio (9654594),Ricky Rubio,9654594,PG,7000,DEN@UTA 10/18/2017 09:00PM ET,UTA,
,,,,,,,,,SG,Devin Booker (9654580),Devin Booker,9654580,SG,7000,POR@PHO 10/18/2017 10:00PM ET,PHO,
,,,,,,,,,SG,Bradley Beal (9654597),Bradley Beal,9654597,SG,7000,PHI@WAS 10/18/2017 07:00PM ET,WAS,
,,,,,,,,,PG,Jrue Holiday (9654600),Jrue Holiday,9654600,PG,7000,NO@MEM 10/18/2017 08:00PM ET,NO,
,,,,,,,,,SF/PF,Aaron Gordon (9654603),Aaron Gordon,9654603,SF,6900,MIA@ORL 10/18/2017 07:00PM ET,ORL,
,,,,,,,,,SG,Victor Oladipo (9654607),Victor Oladipo,9654607,SG,6800,BKN@IND 10/18/2017 07:00PM ET,IND,
,,,,,,,,,PG/SG,Dennis Smith Jr. (9654610),Dennis Smith Jr.,9654610,PG,6800,ATL@DAL 10/18/2017 08:30PM ET,DAL,
,,,,,,,,,SF,Gordon Hayward (9654614),Gordon Hayward,9654614,SF,6700,MIL@BOS 10/18/2017 07:30PM ET,BOS,
,,,,,,,,,PG,D'Angelo Russell (9654617),D'Angelo Russell,9654617,PG,6600,BKN@IND 10/18/2017 07:00PM ET,BKN,
,,,,,,,,,C,Dwight Howard (9654620),Dwight Howard,9654620,C,6500,CHA@DET 10/18/2017 07:00PM ET,CHA,
,,,,,,,,,SG/SF,Khris Middleton (9654622),Khris Middleton,9654622,SG,6400,MIL@BOS 10/18/2017 07:30PM ET,MIL,
,,,,,,,,,SG,Jeremy Lin (9654627),Jeremy Lin,9654627,SG,6300,BKN@IND 10/18/2017 07:00PM ET,BKN,
,,,,,,,,,PF/C,Al Horford (9654630),Al Horford,9654630,PF,6200,MIL@BOS 10/18/2017 07:30PM ET,BOS,
,,,,,,,,,PG/SG,Markelle Fultz (9654634),Markelle Fultz,9654634,PG,6100,PHI@WAS 10/18/2017 07:00PM ET,PHI,
,,,,,,,,,SF/PF,Andrew Wiggins (9654638),Andrew Wiggins,9654638,SF,6000,MIN@SA 10/18/2017 09:30PM ET,MIN,
,,,,,,,,,PF/C,Willie Cauley-Stein (9654642),Willie Cauley-Stein,9654642,PF,5900,HOU@SAC 10/18/2017 10:00PM ET,SAC,
,,,,,,,,,SG/SF,Rodney Hood (9654646),Rodney Hood,9654646,SG,5800,DEN@UTA 10/18/2017 09:00PM ET,UTA,
,,,,,,,,,C,Clint Capela (9654651),Clint Capela,9654651,C,5800,HOU@SAC 10/18/2017 10:00PM ET,HOU,
,,,,,,,,,PG,Jeff Teague (9654653),Jeff Teague,9654653,PG,5800,MIN@SA 10/18/2017 09:30PM ET,MIN,
,,,,,,,,,PF/C,Pau Gasol (9654656),Pau Gasol,9654656,PF,5800,MIN@SA 10/18/2017 09:30PM ET,SA,
,,,,,,,,,SG/SF,Jeremy Lamb (9654660),Jeremy Lamb,9654660,SG,5700,CHA@DET 10/18/2017 07:00PM ET,CHA,
,,,,,,,,,SG,Gary Harris (9654665),Gary Harris,9654665,SG,5700,DEN@UTA 10/18/2017 09:00PM ET,DEN,
,,,,,,,,,PF,Thaddeus Young (9654668),Thaddeus Young,9654668,PF,5700,BKN@IND 10/18/2017 07:00PM ET,IND,
,,,,,,,,,SF/PF,Dario Saric (9654671),Dario Saric,9654671,SF,5700,PHI@WAS 10/18/2017 07:00PM ET,PHI,
,,,,,,,,,SF/PF,Otto Porter (9654675),Otto Porter,9654675,SF,5700,PHI@WAS 10/18/2017 07:00PM ET,WAS,
,,,,,,,,,PG,De'Aaron Fox (9654679),De'Aaron Fox,9654679,PG,5700,HOU@SAC 10/18/2017 10:00PM ET,SAC,
,,,,,,,,,SF/PF,Harrison Barnes (9654682),Harrison Barnes,9654682,SF,5700,ATL@DAL 10/18/2017 08:30PM ET,DAL,
,,,,,,,,,SF/PF,Tobias Harris (9654686),Tobias Harris,9654686,SF,5600,CHA@DET 10/18/2017 07:00PM ET,DET,
,,,,,,,,,PG/SG,Jamal Murray (9654690),Jamal Murray,9654690,PG,5600,DEN@UTA 10/18/2017 09:00PM ET,DEN,
,,,,,,,,,SG/SF,Dion Waiters (9654694),Dion Waiters,9654694,SG,5600,MIA@ORL 10/18/2017 07:00PM ET,MIA,
,,,,,,,,,PF/C,Zach Randolph (9654699),Zach Randolph,9654699,PF,5600,HOU@SAC 10/18/2017 10:00PM ET,SAC,
,,,,,,,,,SG/SF,Kent Bazemore (9654703),Kent Bazemore,9654703,SG,5600,ATL@DAL 10/18/2017 08:30PM ET,ATL,
,,,,,,,,,PG/SG,Avery Bradley (9654708),Avery Bradley,9654708,PG,5500,CHA@DET 10/18/2017 07:00PM ET,DET,
,,,,,,,,,PF/C,Derrick Favors (9654712),Derrick Favors,9654712,PF,5500,DEN@UTA 10/18/2017 09:00PM ET,UTA,
,,,,,,,,,SG/SF,Evan Turner (9654716),Evan Turner,9654716,SG,5500,POR@PHO 10/18/2017 10:00PM ET,POR,
,,,,,,,,,PG/SG,George Hill (9654721),George Hill,9654721,PG,5500,HOU@SAC 10/18/2017 10:00PM ET,SAC,
,,,,,,,,,SF/PF,Rudy Gay (9654725),Rudy Gay,9654725,SF,5500,MIN@SA 10/18/2017 09:30PM ET,SA,
,,,,,,,,,PF/C,Greg Monroe (9654729),Greg Monroe,9654729,PF,5400,MIL@BOS 10/18/2017 07:30PM ET,MIL,
,,,,,,,,,PG,Rajon Rondo (9654733),Rajon Rondo,9654733,PG,5400,NO@MEM 10/18/2017 08:00PM ET,NO,
,,,,,,,,,PG,Reggie Jackson (9654736),Reggie Jackson,9654736,PG,5300,CHA@DET 10/18/2017 07:00PM ET,DET,
,,,,,,,,,SG/SF,Will Barton (9654739),Will Barton,9654739,SG,5300,DEN@UTA 10/18/2017 09:00PM ET,DEN,
,,,,,,,,,SF,T.J. Warren (9654744),T.J. Warren,9654744,SF,5300,POR@PHO 10/18/2017 10:00PM ET,PHO,
,,,,,,,,,PG,Darren Collison (9654747),Darren Collison,9654747,PG,5300,BKN@IND 10/18/2017 07:00PM ET,IND,
,,,,,,,,,SG/SF,Tyreke Evans (9654750),Tyreke Evans,9654750,SG,5300,NO@MEM 10/18/2017 08:00PM ET,MEM,
,,,,,,,,,C,Nerlens Noel (9654755),Nerlens Noel,9654755,C,5300,ATL@DAL 10/18/2017 08:30PM ET,DAL,
,,,,,,,,,PF,James Johnson (9654757),James Johnson,9654757,PF,5200,MIA@ORL 10/18/2017 07:00PM ET,MIA,
,,,,,,,,,C,Marcin Gortat (9654760),Marcin Gortat,9654760,C,5200,PHI@WAS 10/18/2017 07:00PM ET,WAS,
,,,,,,,,,SF/PF,JaMychal Green (9654762),JaMychal Green,9654762,SF,5200,NO@MEM 10/18/2017 08:00PM ET,MEM,
,,,,,,,,,PF/C,Dirk Nowitzki (9654766),Dirk Nowitzki,9654766,PF,5200,ATL@DAL 10/18/2017 08:30PM ET,DAL,
,,,,,,,,,PG/SG,Malcolm Brogdon (9654770),Malcolm Brogdon,9654770,PG,5100,MIL@BOS 10/18/2017 07:30PM ET,MIL,
,,,,,,,,,PF/C,Marquese Chriss (9654774),Marquese Chriss,9654774,PF,5100,POR@PHO 10/18/2017 10:00PM ET,PHO,
,,,,,,,,,SF/PF,Al-Farouq Aminu (9654778),Al-Farouq Aminu,9654778,SF,5100,POR@PHO 10/18/2017 10:00PM ET,POR,
,,,,,,,,,SG/SF,Evan Fournier (9654782),Evan Fournier,9654782,SG,5100,MIA@ORL 10/18/2017 07:00PM ET,ORL,
,,,,,,,,,SG/SF,Buddy Hield (9654787),Buddy Hield,9654787,SG,5100,HOU@SAC 10/18/2017 10:00PM ET,SAC,
,,,,,,,,,SF/PF,Marvin Williams (9654792),Marvin Williams,9654792,SF,5000,CHA@DET 10/18/2017 07:00PM ET,CHA,
,,,,,,,,,PG/SG,Marcus Smart (9654796),Marcus Smart,9654796,PG,5000,MIL@BOS 10/18/2017 07:30PM ET,BOS,
,,,,,,,,,SF/PF,Jabari Parker (9654800),Jabari Parker,9654800,SF,5000,MIL@BOS 10/18/2017 07:30PM ET,MIL,
,,,,,,,,,SF/PF,Wilson Chandler (9654804),Wilson Chandler,9654804,SF,5000,DEN@UTA 10/18/2017 09:00PM ET,DEN,
,,,,,,,,,SF/PF,Rondae Hollis-Jefferson (9654808),Rondae Hollis-Jefferson,9654808,SF,5000,BKN@IND 10/18/2017 07:00PM ET,BKN,
,,,,,,,,,SG/SF,Robert Covington (9654812),Robert Covington,9654812,SG,5000,PHI@WAS 10/18/2017 07:00PM ET,PHI,
,,,,,,,,,SF/PF,Markieff Morris (9654817),Markieff Morris,9654817,SF,5000,PHI@WAS 10/18/2017 07:00PM ET,WAS,
,,,,,,,,,SG/SF,Taurean Prince (9654821),Taurean Prince,9654821,SG,5000,ATL@DAL 10/18/2017 08:30PM ET,ATL,
,,,,,,,,,SF/PF,Josh Jackson (9654826),Josh Jackson,9654826,SF,4900,POR@PHO 10/18/2017 10:00PM ET,PHO,
,,,,,,,,,SG/SF,Josh Richardson (9654830),Josh Richardson,9654830,SG,4900,MIA@ORL 10/18/2017 07:00PM ET,MIA,
,,,,,,,,,SF/PF,Trevor Ariza (9654835),Trevor Ariza,9654835,SF,4900,HOU@SAC 10/18/2017 10:00PM ET,HOU,
,,,,,,,,,SG/SF,Wesley Matthews (9654839),Wesley Matthews,9654839,SG,4900,ATL@DAL 10/18/2017 08:30PM ET,DAL,
,,,,,,,,,SG/SF,Lance Stephenson (9654844),Lance Stephenson,9654844,SG,4800,BKN@IND 10/18/2017 07:00PM ET,IND,
,,,,,,,,,PF/C,Kelly Olynyk (9654849),Kelly Olynyk,9654849,PF,4800,MIA@ORL 10/18/2017 07:00PM ET,MIA,
,,,,,,,,,PG/SG,Tyler Johnson (9654853),Tyler Johnson,9654853,PG,4800,MIA@ORL 10/18/2017 07:00PM ET,MIA,
,,,,,,,,,SG,Eric Gordon (9654857),Eric Gordon,9654857,SG,4800,HOU@SAC 10/18/2017 10:00PM ET,HOU,
,,,,,,,,,PF/C,Skal Labissiere (9654860),Skal Labissiere,9654860,PF,4800,HOU@SAC 10/18/2017 10:00PM ET,SAC,
,,,,,,,,,SF/PF,Ersan Ilyasova (9654864),Ersan Ilyasova,9654864,SF,4800,ATL@DAL 10/18/2017 08:30PM ET,ATL,
,,,,,,,,,SG/SF,Kyle Anderson (9654868),Kyle Anderson,9654868,SG,4700,MIN@SA 10/18/2017 09:30PM ET,SA,
,,,,,,,,,PG,Patty Mills (9654873),Patty Mills,9654873,PG,4700,MIN@SA 10/18/2017 09:30PM ET,SA,
,,,,,,,,,PF/C,Frank Kaminsky (9654876),Frank Kaminsky,9654876,PF,4600,CHA@DET 10/18/2017 07:00PM ET,CHA,
,,,,,,,,,SF/PF,Maurice Harkless (9654880),Maurice Harkless,9654880,SF,4600,POR@PHO 10/18/2017 10:00PM ET,POR,
,,,,,,,,,SG/SF,Allen Crabbe (9654884),Allen Crabbe,9654884,SG,4600,BKN@IND 10/18/2017 07:00PM ET,BKN,
,,,,,,,,,PF/C,John Collins (9654889),John Collins,9654889,PF,4600,ATL@DAL 10/18/2017 08:30PM ET,ATL,
,,,,,,,,,SF,Michael Kidd-Gilchrist (9654893),Michael Kidd-Gilchrist,9654893,SF,4500,CHA@DET 10/18/2017 07:00PM ET,CHA,
,,,,,,,,,SG/SF,Joe Ingles (9654896),Joe Ingles,9654896,SG,4500,DEN@UTA 10/18/2017 09:00PM ET,UTA,
,,,,,,,,,SG,J.J. Redick (9654901),J.J. Redick,9654901,SG,4500,PHI@WAS 10/18/2017 07:00PM ET,PHI,
,,,,,,,,,SG/SF,Bogdan Bogdanovic (9654904),Bogdan Bogdanovic,9654904,SG,4500,HOU@SAC 10/18/2017 10:00PM ET,SAC,
,,,,,,,,,C,Dewayne Dedmon (9654909),Dewayne Dedmon,9654909,C,4500,ATL@DAL 10/18/2017 08:30PM ET,ATL,
,,,,,,,,,PG/SG,Yogi Ferrell (9654911),Yogi Ferrell,9654911,PG,4500,ATL@DAL 10/18/2017 08:30PM ET,DAL,
,,,,,,,,,PF,Caleb Swanigan (9654915),Caleb Swanigan,9654915,PF,4400,POR@PHO 10/18/2017 10:00PM ET,POR,
,,,,,,,,,SF/PF,Bojan Bogdanovic (9654918),Bojan Bogdanovic,9654918,SF,4400,BKN@IND 10/18/2017 07:00PM ET,IND,
,,,,,,,,,PF/C,Trevor Booker (9654922),Trevor Booker,9654922,PF,4400,BKN@IND 10/18/2017 07:00PM ET,BKN,
,,,,,,,,,PG/SG,J.J. Barea (9654926),J.J. Barea,9654926,PG,4400,ATL@DAL 10/18/2017 08:30PM ET,DAL,
,,,,,,,,,PG,Emmanuel Mudiay (9654930),Emmanuel Mudiay,9654930,PG,4300,DEN@UTA 10/18/2017 09:00PM ET,DEN,
,,,,,,,,,PG/SG,Sean Kilpatrick (9654933),Sean Kilpatrick,9654933,PG,4300,BKN@IND 10/18/2017 07:00PM ET,BKN,
,,,,,,,,,SF/PF,Justise Winslow (9654937),Justise Winslow,9654937,SF,4300,MIA@ORL 10/18/2017 07:00PM ET,MIA,
,,,,,,,,,SG/SF,Jonathon Simmons (9654941),Jonathon Simmons,9654941,SG,4300,MIA@ORL 10/18/2017 07:00PM ET,ORL,
,,,,,,,,,PG/SG,Seth Curry (9654946),Seth Curry,9654946,PG,4300,ATL@DAL 10/18/2017 08:30PM ET,DAL,
,,,,,,,,,PF/C,Taj Gibson (9654950),Taj Gibson,9654950,PF,4300,MIN@SA 10/18/2017 09:30PM ET,MIN,
,,,,,,,,,PF/C,Jon Leuer (9654954),Jon Leuer,9654954,PF,4200,CHA@DET 10/18/2017 07:00PM ET,DET,
,,,,,,,,,SF/PF,Juancho Hernangomez (9654958),Juancho Hernangomez,9654958,SF,4200,DEN@UTA 10/18/2017 09:00PM ET,DEN,
,,,,,,,,,C,Tyson Chandler (9654962),Tyson Chandler,9654962,C,4200,POR@PHO 10/18/2017 10:00PM ET,PHO,
,,,,,,,,,PF,Ryan Anderson (9654964),Ryan Anderson,9654964,PF,4200,HOU@SAC 10/18/2017 10:00PM ET,HOU,
,,,,,,,,,PG,Ish Smith (9654967),Ish Smith,9654967,PG,4100,CHA@DET 10/18/2017 07:00PM ET,DET,
,,,,,,,,,C,Cody Zeller (9654970),Cody Zeller,9654970,C,4100,CHA@DET 10/18/2017 07:00PM ET,CHA,
,,,,,,,,,SF/PF,Jayson Tatum (9654972),Jayson Tatum,9654972,SF,4100,MIL@BOS 10/18/2017 07:30PM ET,BOS,
,,,,,,,,,PF/C,Alex Len (9654976),Alex Len,9654976,PF,4100,POR@PHO 10/18/2017 10:00PM ET,PHO,
,,,,,,,,,PG/SF,Caris LeVert (9654980),Caris LeVert,9654980,PG,4100,BKN@IND 10/18/2017 07:00PM ET,BKN,
,,,,,,,,,SF/PF,Chandler Parsons (9654985),Chandler Parsons,9654985,SF,4100,NO@MEM 10/18/2017 08:00PM ET,MEM,
,,,,,,,,,PG,Dejounte Murray (9654989),Dejounte Murray,9654989,PG,4100,MIN@SA 10/18/2017 09:30PM ET,SA,
,,,,,,,,,SG/SF,Stanley Johnson (9654992),Stanley Johnson,9654992,SG,4000,CHA@DET 10/18/2017 07:00PM ET,DET,
,,,,,,,,,SG/SF,Nicolas Batum (9654997),Nicolas Batum,9654997,SG,4000,CHA@DET 10/18/2017 07:00PM ET,CHA,
,,,,,,,,,PG,Tyler Ulis (9655002),Tyler Ulis,9655002,PG,4000,POR@PHO 10/18/2017 10:00PM ET,PHO,
,,,,,,,,,PG,Cory Joseph (9655005),Cory Joseph,9655005,PG,4000,BKN@IND 10/18/2017 07:00PM ET,IND,
,,,,,,,,,SF/PF,DeMarre Carroll (9655008),DeMarre Carroll,9655008,SF,4000,BKN@IND 10/18/2017 07:00PM ET,BKN,
,,,,,,,,,SF/PF,Jonathan Isaac (9655012),Jonathan Isaac,9655012,SF,4000,MIA@ORL 10/18/2017 07:00PM ET,ORL,
,,,,,,,,,SG/SF,Terrence Ross (9655016),Terrence Ross,9655016,SG,4000,MIA@ORL 10/18/2017 07:00PM ET,ORL,
,,,,,,,,,PF/C,Jason Smith (9655021),Jason Smith,9655021,PF,4000,PHI@WAS 10/18/2017 07:00PM ET,WAS,
,,,,,,,,,PF/C,Gorgui Dieng (9655025),Gorgui Dieng,9655025,PF,4000,MIN@SA 10/18/2017 09:30PM ET,MIN,
,,,,,,,,,SG/SF,Danny Green (9655029),Danny Green,9655029,SG,4000,MIN@SA 10/18/2017 09:30PM ET,SA,
,,,,,,,,,SF/PF,Marcus Morris (9655034),Marcus Morris,9655034,SF,3900,MIL@BOS 10/18/2017 07:30PM ET,BOS,
,,,,,,,,,SG/SF,Jaylen Brown (9655038),Jaylen Brown,9655038,SG,3900,MIL@BOS 10/18/2017 07:30PM ET,BOS,
,,,,,,,,,PF/C,Kenneth Faried (9655043),Kenneth Faried,9655043,PF,3900,DEN@UTA 10/18/2017 09:00PM ET,DEN,
,,,,,,,,,PG/SG,Donovan Mitchell (9655047),Donovan Mitchell,9655047,PG,3900,DEN@UTA 10/18/2017 09:00PM ET,UTA,
,,,,,,,,,C,Timofey Mozgov (9655051),Timofey Mozgov,9655051,C,3900,BKN@IND 10/18/2017 07:00PM ET,BKN,
,,,,,,,,,PF/C,Richaun Holmes (9655053),Richaun Holmes,9655053,PF,3900,PHI@WAS 10/18/2017 07:00PM ET,PHI,
,,,,,,,,,C,Ian Mahinmi (9655057),Ian Mahinmi,9655057,C,3900,PHI@WAS 10/18/2017 07:00PM ET,WAS,
,,,,,,,,,PG/SG,Jordan Crawford (9655059),Jordan Crawford,9655059,PG,3900,NO@MEM 10/18/2017 08:00PM ET,NO,
,,,,,,,,,PG/SG,Terry Rozier (9655063),Terry Rozier,9655063,PG,3800,MIL@BOS 10/18/2017 07:30PM ET,BOS,
,,,,,,,,,PF/C,Thon Maker (9655067),Thon Maker,9655067,PF,3800,MIL@BOS 10/18/2017 07:30PM ET,MIL,
,,,,,,,,,SG/SF,Joe Johnson (9655071),Joe Johnson,9655071,SG,3800,DEN@UTA 10/18/2017 09:00PM ET,UTA,
,,,,,,,,,SG/SF,Glenn Robinson III (9655076),Glenn Robinson III,9655076,SG,3800,BKN@IND 10/18/2017 07:00PM ET,IND,
,,,,,,,,,PF/C,Jarrett Allen (9655081),Jarrett Allen,9655081,PF,3800,BKN@IND 10/18/2017 07:00PM ET,BKN,
,,,,,,,,,PF/C,Bismack Biyombo (9655085),Bismack Biyombo,9655085,PF,3800,MIA@ORL 10/18/2017 07:00PM ET,ORL,
,,,,,,,,,C,Jahlil Okafor (9655089),Jahlil Okafor,9655089,C,3800,PHI@WAS 10/18/2017 07:00PM ET,PHI,
,,,,,,,,,PG/SG,Jerryd Bayless (9655091),Jerryd Bayless,9655091,PG,3800,PHI@WAS 10/18/2017 07:00PM ET,PHI,
,,,,,,,,,SG/SF,Kelly Oubre Jr. (9655095),Kelly Oubre Jr.,9655095,SG,3800,PHI@WAS 10/18/2017 07:00PM ET,WAS,
,,,,,,,,,PG/SF,Garrett Temple (9655100),Garrett Temple,9655100,PG,3800,HOU@SAC 10/18/2017 10:00PM ET,SAC,
,,,,,,,,,C,Boban Marjanovic (9655105),Boban Marjanovic,9655105,C,3700,CHA@DET 10/18/2017 07:00PM ET,DET,
,,,,,,,,,PG/SG,Malik Monk (9655107),Malik Monk,9655107,PG,3700,CHA@DET 10/18/2017 07:00PM ET,CHA,
,,,,,,,,,PF/C,Mason Plumlee (9655111),Mason Plumlee,9655111,PF,3700,DEN@UTA 10/18/2017 09:00PM ET,DEN,
,,,,,,,,,SF/PF,Jonas Jerebko (9655115),Jonas Jerebko,9655115,SF,3700,DEN@UTA 10/18/2017 09:00PM ET,UTA,
,,,,,,,,,PG,Tim Frazier (9655119),Tim Frazier,9655119,PG,3700,PHI@WAS 10/18/2017 07:00PM ET,WAS,
,,,,,,,,,PG,Bobby Brown (9655122),Bobby Brown,9655122,PG,3700,HOU@SAC 10/18/2017 10:00PM ET,HOU,
,,,,,,,,,SG,Jamal Crawford (9655125),Jamal Crawford,9655125,SG,3700,MIN@SA 10/18/2017 09:30PM ET,MIN,
,,,,,,,,,SF/PF,Davis Bertans (9655128),Davis Bertans,9655128,SF,3700,MIN@SA 10/18/2017 09:30PM ET,SA,
,,,,,,,,,PG,Tony Parker (9655132),Tony Parker,9655132,PG,3700,MIN@SA 10/18/2017 09:30PM ET,SA,
,,,,,,,,,SG/SF,Tony Snell (9655135),Tony Snell,9655135,SG,3600,MIL@BOS 10/18/2017 07:30PM ET,MIL,
,,,,,,,,,PG/SG,Alec Burks (9655140),Alec Burks,9655140,PG,3600,DEN@UTA 10/18/2017 09:00PM ET,UTA,
,,,,,,,,,PF/C,Amir Johnson (9655144),Amir Johnson,9655144,PF,3600,PHI@WAS 10/18/2017 07:00PM ET,PHI,
,,,,,,,,,SG/SF,E'Twaun Moore (9655148),E'Twaun Moore,9655148,SG,3600,NO@MEM 10/18/2017 08:00PM ET,NO,
,,,,,,,,,PG/SG,Andrew Harrison (9655153),Andrew Harrison,9655153,PG,3600,NO@MEM 10/18/2017 08:00PM ET,MEM,
,,,,,,,,,SG/SF,Ben McLemore (9655157),Ben McLemore,9655157,SG,3600,NO@MEM 10/18/2017 08:00PM ET,MEM,
,,,,,,,,,SG/SF,Manu Ginobili (9655162),Manu Ginobili,9655162,SG,3600,MIN@SA 10/18/2017 09:30PM ET,SA,
,,,,,,,,,C,John Henson (9655167),John Henson,9655167,C,3500,MIL@BOS 10/18/2017 07:30PM ET,MIL,
,,,,,,,,,PF/C,Noah Vonleh (9655169),Noah Vonleh,9655169,PF,3500,POR@PHO 10/18/2017 10:00PM ET,POR,
,,,,,,,,,PF/C,Al Jefferson (9655173),Al Jefferson,9655173,PF,3500,BKN@IND 10/18/2017 07:00PM ET,IND,
,,,,,,,,,PG/SG,Spencer Dinwiddie (9655177),Spencer Dinwiddie,9655177,PG,3500,BKN@IND 10/18/2017 07:00PM ET,BKN,
,,,,,,,,,SG,Mario Hezonja (9655181),Mario Hezonja,9655181,SG,3500,MIA@ORL 10/18/2017 07:00PM ET,ORL,
,,,,,,,,,SG/SF,Timothe Luwawu-Cabarrot (9655184),Timothe Luwawu-Cabarrot,9655184,SG,3500,PHI@WAS 10/18/2017 07:00PM ET,PHI,
,,,,,,,,,C,Nene Hilario (9655189),Nene Hilario,9655189,C,3500,HOU@SAC 10/18/2017 10:00PM ET,HOU,
,,,,,,,,,SF/PF,P.J. Tucker (9655191),P.J. Tucker,9655191,SF,3500,HOU@SAC 10/18/2017 10:00PM ET,HOU,
,,,,,,,,,C,Kosta Koufos (9655195),Kosta Koufos,9655195,C,3500,HOU@SAC 10/18/2017 10:00PM ET,SAC,
,,,,,,,,,PG/SG,Ian Clark (9655197),Ian Clark,9655197,PG,3500,NO@MEM 10/18/2017 08:00PM ET,NO,
,,,,,,,,,SG/SF,Tony Allen (9655201),Tony Allen,9655201,SG,3500,NO@MEM 10/18/2017 08:00PM ET,NO,
,,,,,,,,,PG,Mario Chalmers (9655206),Mario Chalmers,9655206,PG,3500,NO@MEM 10/18/2017 08:00PM ET,MEM,
,,,,,,,,,C,Mike Muscala (9655209),Mike Muscala,9655209,C,3500,ATL@DAL 10/18/2017 08:30PM ET,ATL,
,,,,,,,,,PG/SG,Bryn Forbes (9655211),Bryn Forbes,9655211,PG,3500,MIN@SA 10/18/2017 09:30PM ET,SA,
,,,,,,,,,PF/C,Alan Williams (9655215),Alan Williams,9655215,PF,3400,POR@PHO 10/18/2017 10:00PM ET,PHO,
,,,,,,,,,PF/C,Zach Collins (9655219),Zach Collins,9655219,PF,3400,POR@PHO 10/18/2017 10:00PM ET,POR,
,,,,,,,,,PG,T.J. McConnell (9655223),T.J. McConnell,9655223,PG,3400,PHI@WAS 10/18/2017 07:00PM ET,PHI,
,,,,,,,,,SG/SF,Justin Jackson (9655226),Justin Jackson,9655226,SG,3400,HOU@SAC 10/18/2017 10:00PM ET,SAC,
,,,,,,,,,PF,Cheick Diallo (9655231),Cheick Diallo,9655231,PF,3400,NO@MEM 10/18/2017 08:00PM ET,NO,
,,,,,,,,,PF/C,Brandan Wright (9655234),Brandan Wright,9655234,PF,3400,NO@MEM 10/18/2017 08:00PM ET,MEM,
,,,,,,,,,PG,Gian Clavell (9655238),Gian Clavell,9655238,PG,3400,ATL@DAL 10/18/2017 08:30PM ET,DAL,
,,,,,,,,,PF/C,Dwight Powell (9655241),Dwight Powell,9655241,PF,3400,ATL@DAL 10/18/2017 08:30PM ET,DAL,
,,,,,,,,,C,Aron Baynes (9655245),Aron Baynes,9655245,C,3300,MIL@BOS 10/18/2017 07:30PM ET,BOS,
,,,,,,,,,PG/SG,Shabazz Napier (9655247),Shabazz Napier,9655247,PG,3300,POR@PHO 10/18/2017 10:00PM ET,POR,
,,,,,,,,,SG/SF,Wayne Ellington (9655251),Wayne Ellington,9655251,SG,3300,MIA@ORL 10/18/2017 07:00PM ET,MIA,
,,,,,,,,,SG/SF,Arron Afflalo (9655256),Arron Afflalo,9655256,SG,3300,MIA@ORL 10/18/2017 07:00PM ET,ORL,
,,,,,,,,,SG,Jodie Meeks (9655261),Jodie Meeks,9655261,SG,3300,PHI@WAS 10/18/2017 07:00PM ET,WAS,
,,,,,,,,,PF/C,Tarik Black (9655264),Tarik Black,9655264,PF,3300,HOU@SAC 10/18/2017 10:00PM ET,HOU,
,,,,,,,,,SG/SF,DeAndre' Bembry (9655268),DeAndre' Bembry,9655268,SG,3300,ATL@DAL 10/18/2017 08:30PM ET,ATL,
,,,,,,,,,SG,Marco Belinelli (9655273),Marco Belinelli,9655273,SG,3300,ATL@DAL 10/18/2017 08:30PM ET,ATL,
,,,,,,,,,SF/PF,Nemanja Bjelica (9655276),Nemanja Bjelica,9655276,SF,3300,MIN@SA 10/18/2017 09:30PM ET,MIN,
,,,,,,,,,SG,Luke Kennard (9655280),Luke Kennard,9655280,SG,3200,CHA@DET 10/18/2017 07:00PM ET,DET,
,,,,,,,,,PG,Michael Carter-Williams (9655283),Michael Carter-Williams,9655283,PG,3200,CHA@DET 10/18/2017 07:00PM ET,CHA,
,,,,,,,,,SG/SF,Thabo Sefolosha (9655286),Thabo Sefolosha,9655286,SG,3200,DEN@UTA 10/18/2017 09:00PM ET,UTA,
,,,,,,,,,PF/C,Domantas Sabonis (9655291),Domantas Sabonis,9655291,PF,3200,BKN@IND 10/18/2017 07:00PM ET,IND,
,,,,,,,,,SF/PF,TJ Leaf (9655295),TJ Leaf,9655295,SF,3200,BKN@IND 10/18/2017 07:00PM ET,IND,
,,,,,,,,,SG/SF,Rodney McGruder (9655299),Rodney McGruder,9655299,SG,3200,MIA@ORL 10/18/2017 07:00PM ET,MIA,
,,,,,,,,,SF/PF,Luc Richard Mbah a Moute (9655304),Luc Richard Mbah a Moute,9655304,SF,3200,HOU@SAC 10/18/2017 10:00PM ET,HOU,
,,,,,,,,,PF,Jarell Martin (9655308),Jarell Martin,9655308,PF,3200,NO@MEM 10/18/2017 08:00PM ET,MEM,
,,,,,,,,,SG/SF,James Ennis III (9655311),James Ennis III,9655311,SG,3200,NO@MEM 10/18/2017 08:00PM ET,MEM,
,,,,,,,,,SG/SF,Shabazz Muhammad (9655316),Shabazz Muhammad,9655316,SG,3200,MIN@SA 10/18/2017 09:30PM ET,MIN,
,,,,,,,,,PF/C,Henry Ellenson (9655321),Henry Ellenson,9655321,PF,3100,CHA@DET 10/18/2017 07:00PM ET,DET,
,,,,,,,,,PG/SG,Matthew Dellavedova (9655325),Matthew Dellavedova,9655325,PG,3100,MIL@BOS 10/18/2017 07:30PM ET,MIL,
,,,,,,,,,PG,Raul Neto (9655329),Raul Neto,9655329,PG,3100,DEN@UTA 10/18/2017 09:00PM ET,UTA,
,,,,,,,,,PF/C,Ed Davis (9655332),Ed Davis,9655332,PF,3100,POR@PHO 10/18/2017 10:00PM ET,POR,
,,,,,,,,,PG/SG,D.J. Augustin (9655336),D.J. Augustin,9655336,PG,3100,MIA@ORL 10/18/2017 07:00PM ET,ORL,
,,,,,,,,,SG/SF,Dillon Brooks (9655340),Dillon Brooks,9655340,SG,3100,NO@MEM 10/18/2017 08:00PM ET,MEM,
,,,,,,,,,SF,Luis Montero (9655345),Luis Montero,9655345,SF,3000,CHA@DET 10/18/2017 07:00PM ET,DET,
,,,,,,,,,SG/SF,Reggie Bullock (9655348),Reggie Bullock,9655348,SG,3000,CHA@DET 10/18/2017 07:00PM ET,DET,
,,,,,,,,,SF/PF,Anthony Tolliver (9655353),Anthony Tolliver,9655353,SF,3000,CHA@DET 10/18/2017 07:00PM ET,DET,
,,,,,,,,,PG/SG,Langston Galloway (9655357),Langston Galloway,9655357,PG,3000,CHA@DET 10/18/2017 07:00PM ET,DET,
,,,,,,,,,PF/C,Eric Moreland (9655361),Eric Moreland,9655361,PF,3000,CHA@DET 10/18/2017 07:00PM ET,DET,
,,,,,,,,,PG/SG,Dwight Buycks (9655365),Dwight Buycks,9655365,PG,3000,CHA@DET 10/18/2017 07:00PM ET,DET,
,,,,,,,,,PG,Marcus Paige (9655369),Marcus Paige,9655369,PG,3000,CHA@DET 10/18/2017 07:00PM ET,CHA,
,,,,,,,,,PG/SG,Julyan Stone (9655372),Julyan Stone,9655372,PG,3000,CHA@DET 10/18/2017 07:00PM ET,CHA,
,,,,,,,,,PF/C,Johnny O'Bryant III (9655376),Johnny O'Bryant III,9655376,PF,3000,CHA@DET 10/18/2017 07:00PM ET,CHA,
,,,,,,,,,SG/SF,Treveon Graham (9655380),Treveon Graham,9655380,SG,3000,CHA@DET 10/18/2017 07:00PM ET,CHA,
,,,,,,,,,PF,Mangok Mathiang (9655385),Mangok Mathiang,9655385,PF,3000,CHA@DET 10/18/2017 07:00PM ET,CHA,
,,,,,,,,,SG/SF,Dwayne Bacon (9655388),Dwayne Bacon,9655388,SG,3000,CHA@DET 10/18/2017 07:00PM ET,CHA,
,,,,,,,,,PF/C,Guerschon Yabusele (9655393),Guerschon Yabusele,9655393,PF,3000,MIL@BOS 10/18/2017 07:30PM ET,BOS,
,,,,,,,,,PF/C,Daniel Theis (9655397),Daniel Theis,9655397,PF,3000,MIL@BOS 10/18/2017 07:30PM ET,BOS,
,,,,,,,,,SG,Jabari Bird (9655401),Jabari Bird,9655401,SG,3000,MIL@BOS 10/18/2017 07:30PM ET,BOS,
,,,,,,,,,PF,Abdel Nader (9655404),Abdel Nader,9655404,PF,3000,MIL@BOS 10/18/2017 07:30PM ET,BOS,
,,,,,,,,,SG,Kadeem Allen (9655407),Kadeem Allen,9655407,SG,3000,MIL@BOS 10/18/2017 07:30PM ET,BOS,
,,,,,,,,,SG/SF,Semi Ojeleye (9655410),Semi Ojeleye,9655410,SG,3000,MIL@BOS 10/18/2017 07:30PM ET,BOS,
,,,,,,,,,PG,Shane Larkin (9655415),Shane Larkin,9655415,PG,3000,MIL@BOS 10/18/2017 07:30PM ET,BOS,
,,,,,,,,,PG/SG,Rashad Vaughn (9655418),Rashad Vaughn,9655418,PG,3000,MIL@BOS 10/18/2017 07:30PM ET,MIL,
,,,,,,,,,SF/PF,Mirza Teletovic (9655422),Mirza Teletovic,9655422,SF,3000,MIL@BOS 10/18/2017 07:30PM ET,MIL,
,,,,,,,,,SG,Sterling Brown (9655426),Sterling Brown,9655426,SG,3000,MIL@BOS 10/18/2017 07:30PM ET,MIL,
,,,,,,,,,PG/SG,Jason Terry (9655429),Jason Terry,9655429,PG,3000,MIL@BOS 10/18/2017 07:30PM ET,MIL,
,,,,,,,,,SF/PF,D.J. Wilson (9655433),D.J. Wilson,9655433,SF,3000,MIL@BOS 10/18/2017 07:30PM ET,MIL,
,,,,,,,,,PG/SG,DeAndre Liggins (9655437),DeAndre Liggins,9655437,PG,3000,MIL@BOS 10/18/2017 07:30PM ET,MIL,
,,,,,,,,,SF/PF,Trey Lyles (9655441),Trey Lyles,9655441,SF,3000,DEN@UTA 10/18/2017 09:00PM ET,DEN,
,,,,,,,,,PG/SG,Jameer Nelson (9655445),Jameer Nelson,9655445,PG,3000,DEN@UTA 10/18/2017 09:00PM ET,DEN,
,,,,,,,,,SG,Torrey Craig (9655449),Torrey Craig,9655449,SG,3000,DEN@UTA 10/18/2017 09:00PM ET,DEN,
,,,,,,,,,PF,Tyler Lydon (9655452),Tyler Lydon,9655452,PF,3000,DEN@UTA 10/18/2017 09:00PM ET,DEN,
,,,,,,,,,PG,Malik Beasley (9655455),Malik Beasley,9655455,PG,3000,DEN@UTA 10/18/2017 09:00PM ET,DEN,
,,,,,,,,,PG,Monte Morris (9655458),Monte Morris,9655458,PG,3000,DEN@UTA 10/18/2017 09:00PM ET,DEN,
,,,,,,,,,PF,Darrell Arthur (9655461),Darrell Arthur,9655461,PF,3000,DEN@UTA 10/18/2017 09:00PM ET,DEN,
,,,,,,,,,PG/SG,Dante Exum (9655464),Dante Exum,9655464,PG,3000,DEN@UTA 10/18/2017 09:00PM ET,UTA,
,,,,,,,,,SF/PF,Royce O'Neale (9655468),Royce O'Neale,9655468,SF,3000,DEN@UTA 10/18/2017 09:00PM ET,UTA,
,,,,,,,,,PG,Nate Wolters (9655472),Nate Wolters,9655472,PG,3000,DEN@UTA 10/18/2017 09:00PM ET,UTA,
,,,,,,,,,PF/C,Tony Bradley (9655475),Tony Bradley,9655475,PF,3000,DEN@UTA 10/18/2017 09:00PM ET,UTA,
,,,,,,,,,SF/PF,Eric Griffin (9655479),Eric Griffin,9655479,SF,3000,DEN@UTA 10/18/2017 09:00PM ET,UTA,
,,,,,,,,,PF/C,Ekpe Udoh (9655483),Ekpe Udoh,9655483,PF,3000,DEN@UTA 10/18/2017 09:00PM ET,UTA,
,,,,,,,,,PF/C,Dragan Bender (9655487),Dragan Bender,9655487,PF,3000,POR@PHO 10/18/2017 10:00PM ET,PHO,
,,,,,,,,,SF,Derrick Jones Jr. (9655491),Derrick Jones Jr.,9655491,SF,3000,POR@PHO 10/18/2017 10:00PM ET,PHO,
,,,,,,,,,SG,Troy Daniels (9655494),Troy Daniels,9655494,SG,3000,POR@PHO 10/18/2017 10:00PM ET,PHO,
,,,,,,,,,PG,Mike James (9655497),Mike James,9655497,PG,3000,POR@PHO 10/18/2017 10:00PM ET,PHO,
,,,,,,,,,PF,Alec Peters (9655500),Alec Peters,9655500,PF,3000,POR@PHO 10/18/2017 10:00PM ET,PHO,
,,,,,,,,,PF,Jared Dudley (9655503),Jared Dudley,9655503,PF,3000,POR@PHO 10/18/2017 10:00PM ET,PHO,
,,,,,,,,,SG,Davon Reed (9655506),Davon Reed,9655506,SG,3000,POR@PHO 10/18/2017 10:00PM ET,PHO,
,,,,,,,,,PG/SG,Brandon Knight (9655509),Brandon Knight,9655509,PG,3000,POR@PHO 10/18/2017 10:00PM ET,PHO,
,,,,,,,,,SG/SF,Pat Connaughton (9655513),Pat Connaughton,9655513,SG,3000,POR@PHO 10/18/2017 10:00PM ET,POR,
,,,,,,,,,PF/C,Meyers Leonard (9655518),Meyers Leonard,9655518,PF,3000,POR@PHO 10/18/2017 10:00PM ET,POR,
,,,,,,,,,SG/SF,C.J. Wilcox (9655522),C.J. Wilcox,9655522,SG,3000,POR@PHO 10/18/2017 10:00PM ET,POR,
,,,,,,,,,SF/PF,Jake Layman (9655527),Jake Layman,9655527,SF,3000,POR@PHO 10/18/2017 10:00PM ET,POR,
,,,,,,,,,SF,Alex Poythress (9655531),Alex Poythress,9655531,SF,3000,BKN@IND 10/18/2017 07:00PM ET,IND,
,,,,,,,,,PF/C,Ike Anigbogu (9655534),Ike Anigbogu,9655534,PF,3000,BKN@IND 10/18/2017 07:00PM ET,IND,
,,,,,,,,,SG,Joe Young (9655538),Joe Young,9655538,SG,3000,BKN@IND 10/18/2017 07:00PM ET,IND,
,,,,,,,,,SG,Damien Wilkins (9655541),Damien Wilkins,9655541,SG,3000,BKN@IND 10/18/2017 07:00PM ET,IND,
,,,,,,,,,PG,Edmond Sumner (9655544),Edmond Sumner,9655544,PG,3000,BKN@IND 10/18/2017 07:00PM ET,IND,
,,,,,,,,,PF/C,Quincy Acy (9655547),Quincy Acy,9655547,PF,3000,BKN@IND 10/18/2017 07:00PM ET,BKN,
,,,,,,,,,SG/SF,Joe Harris (9655551),Joe Harris,9655551,SG,3000,BKN@IND 10/18/2017 07:00PM ET,BKN,
,,,,,,,,,PG/SG,Isaiah Whitehead (9655556),Isaiah Whitehead,9655556,PG,3000,BKN@IND 10/18/2017 07:00PM ET,BKN,
,,,,,,,,,SG,Yakuba Ouattara (9655560),Yakuba Ouattara,9655560,SG,3000,BKN@IND 10/18/2017 07:00PM ET,BKN,
,,,,,,,,,C,Tyler Zeller (9655563),Tyler Zeller,9655563,C,3000,BKN@IND 10/18/2017 07:00PM ET,BKN,
,,,,,,,,,PG,Jacob Wiley (9655565),Jacob Wiley,9655565,PG,3000,BKN@IND 10/18/2017 07:00PM ET,BKN,
,,,,,,,,,PF/C,Jordan Mickey (9655568),Jordan Mickey,9655568,PF,3000,MIA@ORL 10/18/2017 07:00PM ET,MIA,
,,,,,,,,,SG,Matt Williams (9655572),Matt Williams,9655572,SG,3000,MIA@ORL 10/18/2017 07:00PM ET,MIA,
,,,,,,,,,SF/PF,Okaro White (9655575),Okaro White,9655575,SF,3000,MIA@ORL 10/18/2017 07:00PM ET,MIA,
,,,,,,,,,PG,Derrick Walton Jr. (9655579),Derrick Walton Jr.,9655579,PG,3000,MIA@ORL 10/18/2017 07:00PM ET,MIA,
,,,,,,,,,PF/C,Bam Adebayo (9655582),Bam Adebayo,9655582,PF,3000,MIA@ORL 10/18/2017 07:00PM ET,MIA,
,,,,,,,,,PF/C,Udonis Haslem (9655586),Udonis Haslem,9655586,PF,3000,MIA@ORL 10/18/2017 07:00PM ET,MIA,
,,,,,,,,,C,A.J. Hammons (9655590),A.J. Hammons,9655590,C,3000,MIA@ORL 10/18/2017 07:00PM ET,MIA,
,,,,,,,,,SG/SF,Wes Iwundu (9655592),Wes Iwundu,9655592,SG,3000,MIA@ORL 10/18/2017 07:00PM ET,ORL,
,,,,,,,,,PG,Shelvin Mack (9655597),Shelvin Mack,9655597,PG,3000,MIA@ORL 10/18/2017 07:00PM ET,ORL,
,,,,,,,,,PF,Adreian Payne (9655600),Adreian Payne,9655600,PF,3000,MIA@ORL 10/18/2017 07:00PM ET,ORL,
,,,,,,,,,PF/C,Marreese Speights (9655603),Marreese Speights,9655603,PF,3000,MIA@ORL 10/18/2017 07:00PM ET,ORL,
,,,,,,,,,PF,Khem Birch (9655607),Khem Birch,9655607,PF,3000,MIA@ORL 10/18/2017 07:00PM ET,ORL,
,,,,,,,,,SG/SF,Jamel Artis (9655610),Jamel Artis,9655610,SG,3000,MIA@ORL 10/18/2017 07:00PM ET,ORL,
,,,,,,,,,SG/SF,Furkan Korkmaz (9655615),Furkan Korkmaz,9655615,SG,3000,PHI@WAS 10/18/2017 07:00PM ET,PHI,
,,,,,,,,,SF/PF,Justin Anderson (9655620),Justin Anderson,9655620,SF,3000,PHI@WAS 10/18/2017 07:00PM ET,PHI,
,,,,,,,,,SF/PF,James Michael McAdoo (9655624),James Michael McAdoo,9655624,SF,3000,PHI@WAS 10/18/2017 07:00PM ET,PHI,
,,,,,,,,,PG,Jacob Pullen (9655628),Jacob Pullen,9655628,PG,3000,PHI@WAS 10/18/2017 07:00PM ET,PHI,
,,,,,,,,,PG/SG,Nik Stauskas (9655631),Nik Stauskas,9655631,PG,3000,PHI@WAS 10/18/2017 07:00PM ET,PHI,
,,,,,,,,,PG/SG,Tomas Satoransky (9655635),Tomas Satoransky,9655635,PG,3000,PHI@WAS 10/18/2017 07:00PM ET,WAS,
,,,,,,,,,PF/C,Chris McCullough (9655639),Chris McCullough,9655639,PF,3000,PHI@WAS 10/18/2017 07:00PM ET,WAS,
,,,,,,,,,SG,Sheldon Mac (9655643),Sheldon Mac,9655643,SG,3000,PHI@WAS 10/18/2017 07:00PM ET,WAS,
,,,,,,,,,PF,Mike Young (9655646),Mike Young,9655646,PF,3000,PHI@WAS 10/18/2017 07:00PM ET,WAS,
,,,,,,,,,SG,Carrick Felix (9655649),Carrick Felix,9655649,SG,3000,PHI@WAS 10/18/2017 07:00PM ET,WAS,
,,,,,,,,,PF,Mike Scott (9655652),Mike Scott,9655652,PF,3000,PHI@WAS 10/18/2017 07:00PM ET,WAS,
,,,,,,,,,SG,Devin Robinson (9655655),Devin Robinson,9655655,SG,3000,PHI@WAS 10/18/2017 07:00PM ET,WAS,
,,,,,,,,,PF,Zhou Qi (9655658),Zhou Qi,9655658,PF,3000,HOU@SAC 10/18/2017 10:00PM ET,HOU,
,,,,,,,,,SG,Troy Williams (9655661),Troy Williams,9655661,SG,3000,HOU@SAC 10/18/2017 10:00PM ET,HOU,
,,,,,,,,,PF/C,Chinanu Onuaku (9655664),Chinanu Onuaku,9655664,PF,3000,HOU@SAC 10/18/2017 10:00PM ET,HOU,
,,,,,,,,,PG,Demetrius Jackson (9655668),Demetrius Jackson,9655668,PG,3000,HOU@SAC 10/18/2017 10:00PM ET,HOU,
,,,,,,,,,PG/SG,Frank Mason III (9655671),Frank Mason III,9655671,PG,3000,HOU@SAC 10/18/2017 10:00PM ET,SAC,
,,,,,,,,,PF/C,Harry Giles (9655675),Harry Giles,9655675,PF,3000,HOU@SAC 10/18/2017 10:00PM ET,SAC,
,,,,,,,,,PF,Jack Cooley (9655679),Jack Cooley,9655679,PF,3000,HOU@SAC 10/18/2017 10:00PM ET,SAC,
,,,,,,,,,SG,Vince Carter (9655682),Vince Carter,9655682,SG,3000,HOU@SAC 10/18/2017 10:00PM ET,SAC,
,,,,,,,,,C,Georgios Papagiannis (9655685),Georgios Papagiannis,9655685,C,3000,HOU@SAC 10/18/2017 10:00PM ET,SAC,
,,,,,,,,,SF/PF,Jakarr Sampson (9655687),Jakarr Sampson,9655687,SF,3000,HOU@SAC 10/18/2017 10:00PM ET,SAC,
,,,,,,,,,SG/SF,Malachi Richardson (9655691),Malachi Richardson,9655691,SG,3000,HOU@SAC 10/18/2017 10:00PM ET,SAC,
,,,,,,,,,SG,Charles Cooke (9655696),Charles Cooke,9655696,SG,3000,NO@MEM 10/18/2017 08:00PM ET,NO,
,,,,,,,,,SF,Jalen Jones (9655699),Jalen Jones,9655699,SF,3000,NO@MEM 10/18/2017 08:00PM ET,NO,
,,,,,,,,,SF/PF,Solomon Hill (9655702),Solomon Hill,9655702,SF,3000,NO@MEM 10/18/2017 08:00PM ET,NO,
,,,,,,,,,SF,Darius Miller (9655706),Darius Miller,9655706,SF,3000,NO@MEM 10/18/2017 08:00PM ET,NO,
,,,,,,,,,SF/PF,Dante Cunningham (9655709),Dante Cunningham,9655709,SF,3000,NO@MEM 10/18/2017 08:00PM ET,NO,
,,,,,,,,,PG,Frank Jackson (9655713),Frank Jackson,9655713,PG,3000,NO@MEM 10/18/2017 08:00PM ET,NO,
,,,,,,,,,C,Omer Asik (9655716),Omer Asik,9655716,C,3000,NO@MEM 10/18/2017 08:00PM ET,NO,
,,,,,,,,,C,Alexis Ajinca (9655718),Alexis Ajinca,9655718,C,3000,NO@MEM 10/18/2017 08:00PM ET,NO,
,,,,,,,,,PF/C,Ivan Rabb (9655720),Ivan Rabb,9655720,PF,3000,NO@MEM 10/18/2017 08:00PM ET,MEM,
,,,,,,,,,PF,Vince Hunter (9655724),Vince Hunter,9655724,PF,3000,NO@MEM 10/18/2017 08:00PM ET,MEM,
,,,,,,,,,PG/SG,Kobi Simmons (9655727),Kobi Simmons,9655727,PG,3000,NO@MEM 10/18/2017 08:00PM ET,MEM,
,,,,,,,,,SG/SF,Wayne Selden Jr. (9655731),Wayne Selden Jr.,9655731,SG,3000,NO@MEM 10/18/2017 08:00PM ET,MEM,
,,,,,,,,,PF/C,Deyonta Davis (9655736),Deyonta Davis,9655736,PF,3000,NO@MEM 10/18/2017 08:00PM ET,MEM,
,,,,,,,,,PG/SG,Malcolm Delaney (9655740),Malcolm Delaney,9655740,PG,3000,ATL@DAL 10/18/2017 08:30PM ET,ATL,
,,,,,,,,,C,Miles Plumlee (9655744),Miles Plumlee,9655744,C,3000,ATL@DAL 10/18/2017 08:30PM ET,ATL,
,,,,,,,,,PG/SG,Tyler Dorsey (9655746),Tyler Dorsey,9655746,PG,3000,ATL@DAL 10/18/2017 08:30PM ET,ATL,
,,,,,,,,,SG/SF,Nicolas Brussino (9655750),Nicolas Brussino,9655750,SG,3000,ATL@DAL 10/18/2017 08:30PM ET,ATL,
,,,,,,,,,PG,Josh Magette (9655755),Josh Magette,9655755,PG,3000,ATL@DAL 10/18/2017 08:30PM ET,ATL,
,,,,,,,,,SF/PF,Luke Babbitt (9655758),Luke Babbitt,9655758,SF,3000,ATL@DAL 10/18/2017 08:30PM ET,ATL,
,,,,,,,,,PF,Maxi Kleber (9655762),Maxi Kleber,9655762,PF,3000,ATL@DAL 10/18/2017 08:30PM ET,DAL,
,,,,,,,,,C,Jeff Withey (9655765),Jeff Withey,9655765,C,3000,ATL@DAL 10/18/2017 08:30PM ET,DAL,
,,,,,,,,,SF,Dorian Finney-Smith (9655767),Dorian Finney-Smith,9655767,SF,3000,ATL@DAL 10/18/2017 08:30PM ET,DAL,
,,,,,,,,,SF,Johnathan Motley (9655770),Johnathan Motley,9655770,SF,3000,ATL@DAL 10/18/2017 08:30PM ET,DAL,
,,,,,,,,,PF/C,Josh McRoberts (9655773),Josh McRoberts,9655773,PF,3000,ATL@DAL 10/18/2017 08:30PM ET,DAL,
,,,,,,,,,PG/SG,Devin Harris (9655777),Devin Harris,9655777,PG,3000,ATL@DAL 10/18/2017 08:30PM ET,DAL,
,,,,,,,,,C,Salah Mejri (9655781),Salah Mejri,9655781,C,3000,ATL@DAL 10/18/2017 08:30PM ET,DAL,
,,,,,,,,,PG/SG,Tyus Jones (9655783),Tyus Jones,9655783,PG,3000,MIN@SA 10/18/2017 09:30PM ET,MIN,
,,,,,,,,,C,Justin Patton (9655787),Justin Patton,9655787,C,3000,MIN@SA 10/18/2017 09:30PM ET,MIN,
,,,,,,,,,SG/SF,Marcus Georges-Hunt (9655789),Marcus Georges-Hunt,9655789,SG,3000,MIN@SA 10/18/2017 09:30PM ET,MIN,
,,,,,,,,,PG/SG,Aaron Brooks (9655794),Aaron Brooks,9655794,PG,3000,MIN@SA 10/18/2017 09:30PM ET,MIN,
,,,,,,,,,SG/SF,Anthony Brown (9655798),Anthony Brown,9655798,SG,3000,MIN@SA 10/18/2017 09:30PM ET,MIN,
,,,,,,,,,C,Cole Aldrich (9655803),Cole Aldrich,9655803,C,3000,MIN@SA 10/18/2017 09:30PM ET,MIN,
,,,,,,,,,PF,Matt Costello (9655805),Matt Costello,9655805,PF,3000,MIN@SA 10/18/2017 09:30PM ET,SA,
,,,,,,,,,PG/SG,Derrick White (9655808),Derrick White,9655808,PG,3000,MIN@SA 10/18/2017 09:30PM ET,SA,
,,,,,,,,,PF/C,Joffrey Lauvergne (9655812),Joffrey Lauvergne,9655812,PF,3000,MIN@SA 10/18/2017 09:30PM ET,SA,
,,,,,,,,,PG/SG,Brandon Paul (9655816),Brandon Paul,9655816,PG,3000,MIN@SA 10/18/2017 09:30PM ET,SA,
,,,,,,,,,SG,Darrun Hilliard (9655820),Darrun Hilliard,9655820,SG,3000,MIN@SA 10/18/2017 09:30PM ET,SA,
