PG,SG,SF,PF,C,G,F,UTIL,,Instructions
,,,,,,,,,1. Locate the player you want to select in the list below 
,,,,,,,,,2. Copy the ID of your player (you can use the Name + ID column or the ID column) 
,,,,,,,,,3. Paste the ID into the roster position desired 
,,,,,,,,,4. You must include an ID for each player; you cannot use just the player's name 
,,,,,,,,,5. You can create up to 500 lineups per file 
 
,,,,,,,,,Position,Name + ID,Name,ID,Roster Position,Salary,GameInfo,TeamAbbrev 
,,,,,,,,,SF/PF,Kevin Durant (10001557),Kevin Durant,10001557,SF,11500,DEN@GS 12/23/2017 08:30PM ET,GS,
,,,,,,,,,PG,Russell Westbrook (10001561),Russell Westbrook,10001561,PG,11200,OKC@UTA 12/23/2017 08:00PM ET,OKC,
,,,,,,,,,SF/PF,Giannis Antetokounmpo (10001564),Giannis Antetokounmpo,10001564,SF,11100,MIL@CHA 12/23/2017 07:00PM ET,MIL,
,,,,,,,,,PF/C,DeMarcus Cousins (10001568),DeMarcus Cousins,10001568,PF,10800,NO@MIA 12/23/2017 08:00PM ET,NO,
,,,,,,,,,PF/C,Anthony Davis (10001572),Anthony Davis,10001572,PF,10400,NO@MIA 12/23/2017 08:00PM ET,NO,
,,,,,,,,,PG/SG,Victor Oladipo (10001576),Victor Oladipo,10001576,PG,9600,BKN@IND 12/23/2017 07:00PM ET,IND,
,,,,,,,,,C,Karl-Anthony Towns (10001580),Karl-Anthony Towns,10001580,C,9500,MIN@PHO 12/23/2017 09:00PM ET,MIN,
,,,,,,,,,PG/SG,Stephen Curry (10001582),Stephen Curry,10001582,PG,9300,DEN@GS 12/23/2017 08:30PM ET,GS,
,,,,,,,,,SG,Jimmy Butler (10001586),Jimmy Butler,10001586,SG,8900,MIN@PHO 12/23/2017 09:00PM ET,MIN,
,,,,,,,,,PG,Kyrie Irving (10001589),Kyrie Irving,10001589,PG,8800,CHI@BOS 12/23/2017 07:30PM ET,BOS,
,,,,,,,,,PG,John Wall (10001592),John Wall,10001592,PG,8700,ORL@WAS 12/23/2017 07:00PM ET,WAS,
,,,,,,,,,C,Nikola Vucevic (10001595),Nikola Vucevic,10001595,C,8600,ORL@WAS 12/23/2017 07:00PM ET,ORL,
,,,,,,,,,PG,Damian Lillard (10001597),Damian Lillard,10001597,PG,8400,POR@LAL 12/23/2017 09:30PM ET,POR,
,,,,,,,,,C,Marc Gasol (10001600),Marc Gasol,10001600,C,8200,LAC@MEM 12/23/2017 08:00PM ET,MEM,
,,,,,,,,,SG/SF,Devin Booker (10001602),Devin Booker,10001602,SG,7900,MIN@PHO 12/23/2017 09:00PM ET,PHO,
,,,,,,,,,PG/SG,Tyreke Evans (10001607),Tyreke Evans,10001607,PG,7900,LAC@MEM 12/23/2017 08:00PM ET,MEM,
,,,,,,,,,SG,Bradley Beal (10001611),Bradley Beal,10001611,SG,7800,ORL@WAS 12/23/2017 07:00PM ET,WAS,
,,,,,,,,,PG/SG,CJ McCollum (10001614),CJ McCollum,10001614,PG,7700,POR@LAL 12/23/2017 09:30PM ET,POR,
,,,,,,,,,PF/C,LaMarcus Aldridge (10001620),LaMarcus Aldridge,10001620,PF,7600,SA@SAC 12/23/2017 10:00PM ET,SA,
,,,,,,,,,SG/SF,Khris Middleton (10001624),Khris Middleton,10001624,SG,7600,MIL@CHA 12/23/2017 07:00PM ET,MIL,
,,,,,,,,,C,Nikola Jokic (10001618),Nikola Jokic,10001618,C,7600,DEN@GS 12/23/2017 08:30PM ET,DEN,
,,,,,,,,,SF/PF,Aaron Gordon (10001633),Aaron Gordon,10001633,SF,7500,ORL@WAS 12/23/2017 07:00PM ET,ORL,
,,,,,,,,,PF/C,Blake Griffin (10001629),Blake Griffin,10001629,PF,7500,LAC@MEM 12/23/2017 08:00PM ET,LAC,
,,,,,,,,,PG/SG,Jrue Holiday (10001637),Jrue Holiday,10001637,PG,7500,NO@MIA 12/23/2017 08:00PM ET,NO,
,,,,,,,,,C,DeAndre Jordan (10001643),DeAndre Jordan,10001643,C,7400,LAC@MEM 12/23/2017 08:00PM ET,LAC,
,,,,,,,,,C,Dwight Howard (10001641),Dwight Howard,10001641,C,7400,MIL@CHA 12/23/2017 07:00PM ET,CHA,
,,,,,,,,,PF/C,Al Horford (10001649),Al Horford,10001649,PF,7300,CHI@BOS 12/23/2017 07:30PM ET,BOS,
,,,,,,,,,PF/C,Draymond Green (10001645),Draymond Green,10001645,PF,7200,DEN@GS 12/23/2017 08:30PM ET,GS,
,,,,,,,,,SF,Paul George (10001653),Paul George,10001653,SF,7100,OKC@UTA 12/23/2017 08:00PM ET,OKC,
,,,,,,,,,SG,Klay Thompson (10001656),Klay Thompson,10001656,SG,7100,DEN@GS 12/23/2017 08:30PM ET,GS,
,,,,,,,,,PG/SG,Lou Williams (10001661),Lou Williams,10001661,PG,7000,LAC@MEM 12/23/2017 08:00PM ET,LAC,
,,,,,,,,,C,Hassan Whiteside (10001659),Hassan Whiteside,10001659,C,7000,NO@MIA 12/23/2017 08:00PM ET,MIA,
,,,,,,,,,PG,Dennis Schroder (10001665),Dennis Schroder,10001665,PG,6900,DAL@ATL 12/23/2017 07:30PM ET,ATL,
,,,,,,,,,PG/SG,Kris Dunn (10001671),Kris Dunn,10001671,PG,6900,CHI@BOS 12/23/2017 07:30PM ET,CHI,
,,,,,,,,,PG,Lonzo Ball (10001668),Lonzo Ball,10001668,PG,6900,POR@LAL 12/23/2017 09:30PM ET,LAL,
,,,,,,,,,PG/SG,Donovan Mitchell (10001682),Donovan Mitchell,10001682,PG,6800,OKC@UTA 12/23/2017 08:00PM ET,UTA,
,,,,,,,,,PG/SG,D'Angelo Russell (10001678),D'Angelo Russell,10001678,PG,6800,BKN@IND 12/23/2017 07:00PM ET,BKN,
,,,,,,,,,PG,Kemba Walker (10001675),Kemba Walker,10001675,PG,6800,MIL@CHA 12/23/2017 07:00PM ET,CHA,
,,,,,,,,,SG/SF,Brandon Ingram (10001686),Brandon Ingram,10001686,SG,6700,POR@LAL 12/23/2017 09:30PM ET,LAL,
,,,,,,,,,C,Jusuf Nurkic (10001691),Jusuf Nurkic,10001691,C,6700,POR@LAL 12/23/2017 09:30PM ET,POR,
,,,,,,,,,SF/PF,Kyle Kuzma (10001693),Kyle Kuzma,10001693,SF,6700,POR@LAL 12/23/2017 09:30PM ET,LAL,
,,,,,,,,,SG/SF,Kent Bazemore (10001707),Kent Bazemore,10001707,SG,6600,DAL@ATL 12/23/2017 07:30PM ET,ATL,
,,,,,,,,,C,Rudy Gobert (10001705),Rudy Gobert,10001705,C,6600,OKC@UTA 12/23/2017 08:00PM ET,UTA,
,,,,,,,,,SF/PF,T.J. Warren (10001701),T.J. Warren,10001701,SF,6600,MIN@PHO 12/23/2017 09:00PM ET,PHO,
,,,,,,,,,PF/C,Paul Millsap (10001697),Paul Millsap,10001697,PF,6600,DEN@GS 12/23/2017 08:30PM ET,DEN,
,,,,,,,,,SF/PF,Harrison Barnes (10001716),Harrison Barnes,10001716,SF,6500,DAL@ATL 12/23/2017 07:30PM ET,DAL,
,,,,,,,,,PF/C,Nikola Mirotic (10001712),Nikola Mirotic,10001712,PF,6500,CHI@BOS 12/23/2017 07:30PM ET,CHI,
,,,,,,,,,C,Myles Turner (10001720),Myles Turner,10001720,C,6500,BKN@IND 12/23/2017 07:00PM ET,IND,
,,,,,,,,,SG/SF,Jonathon Simmons (10001722),Jonathon Simmons,10001722,SG,6500,ORL@WAS 12/23/2017 07:00PM ET,ORL,
,,,,,,,,,C,Steven Adams (10001731),Steven Adams,10001731,C,6400,OKC@UTA 12/23/2017 08:00PM ET,OKC,
,,,,,,,,,SG/SF,Rodney Hood (10001740),Rodney Hood,10001740,SG,6400,OKC@UTA 12/23/2017 08:00PM ET,UTA,
,,,,,,,,,PG/SG,Spencer Dinwiddie (10001736),Spencer Dinwiddie,10001736,PG,6400,BKN@IND 12/23/2017 07:00PM ET,BKN,
,,,,,,,,,PG,Mike Conley (10001733),Mike Conley,10001733,PG,6400,LAC@MEM 12/23/2017 08:00PM ET,MEM,
,,,,,,,,,PG/SG,Eric Bledsoe (10001727),Eric Bledsoe,10001727,PG,6400,MIL@CHA 12/23/2017 07:00PM ET,MIL,
,,,,,,,,,SG/SF,Josh Richardson (10001745),Josh Richardson,10001745,SG,6400,NO@MIA 12/23/2017 08:00PM ET,MIA,
,,,,,,,,,SG/SF,Taurean Prince (10001753),Taurean Prince,10001753,SG,6300,DAL@ATL 12/23/2017 07:30PM ET,ATL,
,,,,,,,,,SG,Gary Harris (10001750),Gary Harris,10001750,SG,6300,DEN@GS 12/23/2017 08:30PM ET,DEN,
,,,,,,,,,SF/PF,Rondae Hollis-Jefferson (10001761),Rondae Hollis-Jefferson,10001761,SF,6200,BKN@IND 12/23/2017 07:00PM ET,BKN,
,,,,,,,,,PG,Jeff Teague (10001758),Jeff Teague,10001758,PG,6200,MIN@PHO 12/23/2017 09:00PM ET,MIN,
,,,,,,,,,SF/PF,James Johnson (10001765),James Johnson,10001765,SF,6200,NO@MIA 12/23/2017 08:00PM ET,MIA,
,,,,,,,,,SF/PF,Thaddeus Young (10001773),Thaddeus Young,10001773,SF,6100,BKN@IND 12/23/2017 07:00PM ET,IND,
,,,,,,,,,PF/C,Zach Randolph (10001769),Zach Randolph,10001769,PF,6100,SA@SAC 12/23/2017 10:00PM ET,SAC,
,,,,,,,,,SF/PF,Kawhi Leonard (10001777),Kawhi Leonard,10001777,SF,6100,SA@SAC 12/23/2017 10:00PM ET,SA,
,,,,,,,,,SG/SF,Andrew Wiggins (10001784),Andrew Wiggins,10001784,SG,6000,MIN@PHO 12/23/2017 09:00PM ET,MIN,
,,,,,,,,,PG,Goran Dragic (10001781),Goran Dragic,10001781,PG,6000,NO@MIA 12/23/2017 08:00PM ET,MIA,
,,,,,,,,,SF/PF,Carmelo Anthony (10001789),Carmelo Anthony,10001789,SF,5900,OKC@UTA 12/23/2017 08:00PM ET,OKC,
,,,,,,,,,PF/C,Taj Gibson (10001804),Taj Gibson,10001804,PF,5900,MIN@PHO 12/23/2017 09:00PM ET,MIN,
,,,,,,,,,PF/C,Pau Gasol (10001797),Pau Gasol,10001797,PF,5900,SA@SAC 12/23/2017 10:00PM ET,SA,
,,,,,,,,,SF/PF,Otto Porter Jr. (10001793),Otto Porter Jr.,10001793,SF,5900,ORL@WAS 12/23/2017 07:00PM ET,WAS,
,,,,,,,,,PG,Elfrid Payton (10001801),Elfrid Payton,10001801,PG,5900,ORL@WAS 12/23/2017 07:00PM ET,ORL,
,,,,,,,,,SG/SF,Dion Waiters (10001808),Dion Waiters,10001808,SG,5900,NO@MIA 12/23/2017 08:00PM ET,MIA,
,,,,,,,,,PF/C,Kelly Olynyk (10001817),Kelly Olynyk,10001817,PF,5900,NO@MIA 12/23/2017 08:00PM ET,MIA,
,,,,,,,,,PG/SG,Jamal Murray (10001813),Jamal Murray,10001813,PG,5900,DEN@GS 12/23/2017 08:30PM ET,DEN,
,,,,,,,,,SG/SF,Evan Fournier (10001826),Evan Fournier,10001826,SG,5800,ORL@WAS 12/23/2017 07:00PM ET,ORL,
,,,,,,,,,SG/SF,Will Barton (10001821),Will Barton,10001821,SG,5800,DEN@GS 12/23/2017 08:30PM ET,DEN,
,,,,,,,,,SF/PF,Jayson Tatum (10001834),Jayson Tatum,10001834,SF,5700,CHI@BOS 12/23/2017 07:30PM ET,BOS,
,,,,,,,,,PG,Ricky Rubio (10001838),Ricky Rubio,10001838,PG,5700,OKC@UTA 12/23/2017 08:00PM ET,UTA,
,,,,,,,,,PF/C,Derrick Favors (10001844),Derrick Favors,10001844,PF,5700,OKC@UTA 12/23/2017 08:00PM ET,UTA,
,,,,,,,,,SG,Kentavious Caldwell-Pope (10001831),Kentavious Caldwell-Pope,10001831,SG,5700,POR@LAL 12/23/2017 09:30PM ET,LAL,
,,,,,,,,,SF/PF,Danilo Gallinari (10001848),Danilo Gallinari,10001848,SF,5700,LAC@MEM 12/23/2017 08:00PM ET,LAC,
,,,,,,,,,PG,Rajon Rondo (10001841),Rajon Rondo,10001841,PG,5700,NO@MIA 12/23/2017 08:00PM ET,NO,
,,,,,,,,,PF/C,Alex Len (10001854),Alex Len,10001854,PF,5600,MIN@PHO 12/23/2017 09:00PM ET,PHO,
,,,,,,,,,C,Marcin Gortat (10001852),Marcin Gortat,10001852,C,5600,ORL@WAS 12/23/2017 07:00PM ET,WAS,
,,,,,,,,,PF/C,John Collins (10001866),John Collins,10001866,PF,5500,DAL@ATL 12/23/2017 07:30PM ET,ATL,
,,,,,,,,,SG/SF,Jaylen Brown (10001861),Jaylen Brown,10001861,SG,5500,CHI@BOS 12/23/2017 07:30PM ET,BOS,
,,,,,,,,,PG,Darren Collison (10001858),Darren Collison,10001858,PG,5500,BKN@IND 12/23/2017 07:00PM ET,IND,
,,,,,,,,,PF/C,Domantas Sabonis (10001870),Domantas Sabonis,10001870,PF,5400,BKN@IND 12/23/2017 07:00PM ET,IND,
,,,,,,,,,PG/SG,Austin Rivers (10001874),Austin Rivers,10001874,PG,5400,LAC@MEM 12/23/2017 08:00PM ET,LAC,
,,,,,,,,,PG/SG,Tyler Johnson (10001878),Tyler Johnson,10001878,PG,5400,NO@MIA 12/23/2017 08:00PM ET,MIA,
,,,,,,,,,C,Dewayne Dedmon (10001887),Dewayne Dedmon,10001887,C,5300,DAL@ATL 12/23/2017 07:30PM ET,ATL,
,,,,,,,,,SG/SF,Justin Holiday (10001882),Justin Holiday,10001882,SG,5300,CHI@BOS 12/23/2017 07:30PM ET,CHI,
,,,,,,,,,SG/SF,Marcus Smart (10001898),Marcus Smart,10001898,SG,5300,CHI@BOS 12/23/2017 07:30PM ET,BOS,
,,,,,,,,,PF/C,Julius Randle (10001894),Julius Randle,10001894,PF,5300,POR@LAL 12/23/2017 09:30PM ET,LAL,
,,,,,,,,,SG/SF,Nicolas Batum (10001889),Nicolas Batum,10001889,SG,5300,MIL@CHA 12/23/2017 07:00PM ET,CHA,
,,,,,,,,,SG/SF,Caris LeVert (10001908),Caris LeVert,10001908,SG,5200,BKN@IND 12/23/2017 07:00PM ET,BKN,
,,,,,,,,,SF/PF,Larry Nance Jr. (10001917),Larry Nance Jr.,10001917,SF,5200,POR@LAL 12/23/2017 09:30PM ET,LAL,
,,,,,,,,,SF/PF,Al-Farouq Aminu (10001925),Al-Farouq Aminu,10001925,SF,5200,POR@LAL 12/23/2017 09:30PM ET,POR,
,,,,,,,,,PF/C,Willie Cauley-Stein (10001913),Willie Cauley-Stein,10001913,PF,5200,SA@SAC 12/23/2017 10:00PM ET,SAC,
,,,,,,,,,SF/PF,Rudy Gay (10001921),Rudy Gay,10001921,SF,5200,SA@SAC 12/23/2017 10:00PM ET,SA,
,,,,,,,,,SG/SF,Jeremy Lamb (10001903),Jeremy Lamb,10001903,SG,5200,MIL@CHA 12/23/2017 07:00PM ET,CHA,
,,,,,,,,,PG/SG,Dennis Smith Jr. (10001932),Dennis Smith Jr.,10001932,PG,5100,DAL@ATL 12/23/2017 07:30PM ET,DAL,
,,,,,,,,,PF,Lauri Markkanen (10001929),Lauri Markkanen,10001929,PF,5100,CHI@BOS 12/23/2017 07:30PM ET,CHI,
,,,,,,,,,PG/SG,Shabazz Napier (10001936),Shabazz Napier,10001936,PG,5100,POR@LAL 12/23/2017 09:30PM ET,POR,
,,,,,,,,,SG/SF,Joe Ingles (10001940),Joe Ingles,10001940,SG,5000,OKC@UTA 12/23/2017 08:00PM ET,UTA,
,,,,,,,,,SG/SF,Danny Green (10001945),Danny Green,10001945,SG,5000,SA@SAC 12/23/2017 10:00PM ET,SA,
,,,,,,,,,SF/PF,Jabari Parker (10001950),Jabari Parker,10001950,SF,5000,MIL@CHA 12/23/2017 07:00PM ET,MIL,
,,,,,,,,,PG/SG,Jordan Clarkson (10001954),Jordan Clarkson,10001954,PG,4900,POR@LAL 12/23/2017 09:30PM ET,LAL,
,,,,,,,,,SG/SF,Denzel Valentine (10001962),Denzel Valentine,10001962,SG,4800,CHI@BOS 12/23/2017 07:30PM ET,CHI,
,,,,,,,,,SF/PF,DeMarre Carroll (10001958),DeMarre Carroll,10001958,SF,4800,BKN@IND 12/23/2017 07:00PM ET,BKN,
,,,,,,,,,PG/SG,Isaiah Canaan (10001967),Isaiah Canaan,10001967,PG,4800,MIN@PHO 12/23/2017 09:00PM ET,PHO,
,,,,,,,,,PF,Mike Scott (10001971),Mike Scott,10001971,PF,4800,ORL@WAS 12/23/2017 07:00PM ET,WAS,
,,,,,,,,,PG/SG,J.J. Barea (10001974),J.J. Barea,10001974,PG,4700,DAL@ATL 12/23/2017 07:30PM ET,DAL,
,,,,,,,,,PG/SG,Zach LaVine (10001995),Zach LaVine,10001995,PG,4700,CHI@BOS 12/23/2017 07:30PM ET,CHI,
,,,,,,,,,PF/C,Greg Monroe (10001983),Greg Monroe,10001983,PF,4700,MIN@PHO 12/23/2017 09:00PM ET,PHO,
,,,,,,,,,PG/SF,Kyle Anderson (10001978),Kyle Anderson,10001978,PG,4700,SA@SAC 12/23/2017 10:00PM ET,SA,
,,,,,,,,,PG/SG,Milos Teodosic (10001987),Milos Teodosic,10001987,PG,4700,LAC@MEM 12/23/2017 08:00PM ET,LAC,
,,,,,,,,,SF/PF,JaMychal Green (10001991),JaMychal Green,10001991,SF,4700,LAC@MEM 12/23/2017 08:00PM ET,MEM,
,,,,,,,,,PG/SG,Yogi Ferrell (10001999),Yogi Ferrell,10001999,PG,4600,DAL@ATL 12/23/2017 07:30PM ET,DAL,
,,,,,,,,,PF,Bobby Portis (10002007),Bobby Portis,10002007,PF,4600,CHI@BOS 12/23/2017 07:30PM ET,CHI,
,,,,,,,,,SF/PF,Marcus Morris (10002010),Marcus Morris,10002010,SF,4600,CHI@BOS 12/23/2017 07:30PM ET,BOS,
,,,,,,,,,PG/SG,Alec Burks (10002028),Alec Burks,10002028,PG,4600,OKC@UTA 12/23/2017 08:00PM ET,UTA,
,,,,,,,,,SG/SF,Kelly Oubre Jr. (10002014),Kelly Oubre Jr.,10002014,SG,4600,ORL@WAS 12/23/2017 07:00PM ET,WAS,
,,,,,,,,,SG/SF,E'Twaun Moore (10002019),E'Twaun Moore,10002019,SG,4600,NO@MIA 12/23/2017 08:00PM ET,NO,
,,,,,,,,,SF/PF,Omri Casspi (10002003),Omri Casspi,10002003,SF,4600,DEN@GS 12/23/2017 08:30PM ET,GS,
,,,,,,,,,PF/C,Mason Plumlee (10002024),Mason Plumlee,10002024,PF,4600,DEN@GS 12/23/2017 08:30PM ET,DEN,
,,,,,,,,,SG/SF,Wesley Matthews (10002036),Wesley Matthews,10002036,SG,4500,DAL@ATL 12/23/2017 07:30PM ET,DAL,
,,,,,,,,,PF/C,Dirk Nowitzki (10002046),Dirk Nowitzki,10002046,PF,4500,DAL@ATL 12/23/2017 07:30PM ET,DAL,
,,,,,,,,,SF/PF,Ersan Ilyasova (10002054),Ersan Ilyasova,10002054,SF,4500,DAL@ATL 12/23/2017 07:30PM ET,ATL,
,,,,,,,,,SG/SF,Buddy Hield (10002041),Buddy Hield,10002041,SG,4500,SA@SAC 12/23/2017 10:00PM ET,SAC,
,,,,,,,,,SG,Mario Hezonja (10002062),Mario Hezonja,10002062,SG,4500,ORL@WAS 12/23/2017 07:00PM ET,ORL,
,,,,,,,,,PG/SG,Malcolm Brogdon (10002032),Malcolm Brogdon,10002032,PG,4500,MIL@CHA 12/23/2017 07:00PM ET,MIL,
,,,,,,,,,SF/PF,Wilson Chandler (10002050),Wilson Chandler,10002050,SF,4500,DEN@GS 12/23/2017 08:30PM ET,DEN,
,,,,,,,,,SF/PF,Trey Lyles (10002058),Trey Lyles,10002058,SF,4500,DEN@GS 12/23/2017 08:30PM ET,DEN,
,,,,,,,,,C,Robin Lopez (10002071),Robin Lopez,10002071,C,4400,CHI@BOS 12/23/2017 07:30PM ET,CHI,
,,,,,,,,,SG/SF,Lance Stephenson (10002075),Lance Stephenson,10002075,SG,4400,BKN@IND 12/23/2017 07:00PM ET,IND,
,,,,,,,,,C,Brook Lopez (10002069),Brook Lopez,10002069,C,4400,POR@LAL 12/23/2017 09:30PM ET,LAL,
,,,,,,,,,C,Tyson Chandler (10002073),Tyson Chandler,10002073,C,4400,MIN@PHO 12/23/2017 09:00PM ET,PHO,
,,,,,,,,,PG/SG,George Hill (10002065),George Hill,10002065,PG,4400,SA@SAC 12/23/2017 10:00PM ET,SAC,
,,,,,,,,,SG/SF,Bojan Bogdanovic (10002080),Bojan Bogdanovic,10002080,SG,4300,BKN@IND 12/23/2017 07:00PM ET,IND,
,,,,,,,,,PG,De'Aaron Fox (10002091),De'Aaron Fox,10002091,PG,4300,SA@SAC 12/23/2017 10:00PM ET,SAC,
,,,,,,,,,PG,Tony Parker (10002094),Tony Parker,10002094,PG,4300,SA@SAC 12/23/2017 10:00PM ET,SA,
,,,,,,,,,PG,Dejounte Murray (10002097),Dejounte Murray,10002097,PG,4300,SA@SAC 12/23/2017 10:00PM ET,SA,
,,,,,,,,,SF/PF,Markieff Morris (10002085),Markieff Morris,10002085,SF,4300,ORL@WAS 12/23/2017 07:00PM ET,WAS,
,,,,,,,,,C,John Henson (10002089),John Henson,10002089,C,4300,MIL@CHA 12/23/2017 07:00PM ET,MIL,
,,,,,,,,,PF/C,Jordan Bell (10002100),Jordan Bell,10002100,PF,4300,DEN@GS 12/23/2017 08:30PM ET,GS,
,,,,,,,,,SG/SF,Allen Crabbe (10002104),Allen Crabbe,10002104,SG,4200,BKN@IND 12/23/2017 07:00PM ET,BKN,
,,,,,,,,,PG,Patty Mills (10002112),Patty Mills,10002112,PG,4200,SA@SAC 12/23/2017 10:00PM ET,SA,
,,,,,,,,,SF,Michael Kidd-Gilchrist (10002109),Michael Kidd-Gilchrist,10002109,SF,4200,MIL@CHA 12/23/2017 07:00PM ET,CHA,
,,,,,,,,,SG/SF,Andre Iguodala (10002115),Andre Iguodala,10002115,SG,4200,DEN@GS 12/23/2017 08:30PM ET,GS,
,,,,,,,,,PG/SG,Terry Rozier (10002130),Terry Rozier,10002130,PG,4100,CHI@BOS 12/23/2017 07:30PM ET,BOS,
,,,,,,,,,SG/SF,Evan Turner (10002125),Evan Turner,10002125,SG,4100,POR@LAL 12/23/2017 09:30PM ET,POR,
,,,,,,,,,SG/SF,Bogdan Bogdanovic (10002120),Bogdan Bogdanovic,10002120,SG,4100,SA@SAC 12/23/2017 10:00PM ET,SAC,
,,,,,,,,,SG/SF,Wesley Johnson (10002134),Wesley Johnson,10002134,SG,4100,LAC@MEM 12/23/2017 08:00PM ET,LAC,
,,,,,,,,,PF/C,Bam Adebayo (10002139),Bam Adebayo,10002139,PF,4100,NO@MIA 12/23/2017 08:00PM ET,MIA,
,,,,,,,,,PG/SG,Seth Curry (10002165),Seth Curry,10002165,PG,4000,DAL@ATL 12/23/2017 07:30PM ET,DAL,
,,,,,,,,,PG/SG,David Nwaba (10002148),David Nwaba,10002148,PG,4000,CHI@BOS 12/23/2017 07:30PM ET,CHI,
,,,,,,,,,SG/SF,Josh Jackson (10002143),Josh Jackson,10002143,SG,4000,MIN@PHO 12/23/2017 09:00PM ET,PHO,
,,,,,,,,,SG/SF,Manu Ginobili (10002156),Manu Ginobili,10002156,SG,4000,SA@SAC 12/23/2017 10:00PM ET,SA,
,,,,,,,,,PG/SG,Frank Mason III (10002161),Frank Mason III,10002161,PG,4000,SA@SAC 12/23/2017 10:00PM ET,SAC,
,,,,,,,,,SF/PF,Marvin Williams (10002152),Marvin Williams,10002152,SF,4000,MIL@CHA 12/23/2017 07:00PM ET,CHA,
,,,,,,,,,PF,Maxi Kleber (10002172),Maxi Kleber,10002172,PF,3900,DAL@ATL 12/23/2017 07:30PM ET,DAL,
,,,,,,,,,PG,Cory Joseph (10002183),Cory Joseph,10002183,PG,3900,BKN@IND 12/23/2017 07:00PM ET,IND,
,,,,,,,,,SG,Jamal Crawford (10002195),Jamal Crawford,10002195,SG,3900,MIN@PHO 12/23/2017 09:00PM ET,MIN,
,,,,,,,,,PG,Mario Chalmers (10002169),Mario Chalmers,10002169,PG,3900,LAC@MEM 12/23/2017 08:00PM ET,MEM,
,,,,,,,,,SF/PF,Chandler Parsons (10002186),Chandler Parsons,10002186,SF,3900,LAC@MEM 12/23/2017 08:00PM ET,MEM,
,,,,,,,,,PG/SG,Andrew Harrison (10002198),Andrew Harrison,10002198,PG,3900,LAC@MEM 12/23/2017 08:00PM ET,MEM,
,,,,,,,,,PF/C,Frank Kaminsky (10002175),Frank Kaminsky,10002175,PF,3900,MIL@CHA 12/23/2017 07:00PM ET,CHA,
,,,,,,,,,SF/PF,Justise Winslow (10002179),Justise Winslow,10002179,SF,3900,NO@MIA 12/23/2017 08:00PM ET,MIA,
,,,,,,,,,SG/SF,Wayne Ellington (10002190),Wayne Ellington,10002190,SG,3900,NO@MIA 12/23/2017 08:00PM ET,MIA,
,,,,,,,,,PF/C,Jordan Mickey (10002202),Jordan Mickey,10002202,PF,3900,NO@MIA 12/23/2017 08:00PM ET,MIA,
,,,,,,,,,PG/SG,Malcolm Delaney (10002246),Malcolm Delaney,10002246,PG,3800,DAL@ATL 12/23/2017 07:30PM ET,ATL,
,,,,,,,,,PG,Isaiah Taylor (10002250),Isaiah Taylor,10002250,PG,3800,DAL@ATL 12/23/2017 07:30PM ET,ATL,
,,,,,,,,,SF/PF,Jonas Jerebko (10002230),Jonas Jerebko,10002230,SF,3800,OKC@UTA 12/23/2017 08:00PM ET,UTA,
,,,,,,,,,PF/C,Ekpe Udoh (10002234),Ekpe Udoh,10002234,PF,3800,OKC@UTA 12/23/2017 08:00PM ET,UTA,
,,,,,,,,,SG/SF,Joe Johnson (10002238),Joe Johnson,10002238,SG,3800,OKC@UTA 12/23/2017 08:00PM ET,UTA,
,,,,,,,,,SG/SF,Joe Harris (10002211),Joe Harris,10002211,SG,3800,BKN@IND 12/23/2017 07:00PM ET,BKN,
,,,,,,,,,PG/SG,Josh Hart (10002253),Josh Hart,10002253,PG,3800,POR@LAL 12/23/2017 09:30PM ET,LAL,
,,,,,,,,,SG,Troy Daniels (10002243),Troy Daniels,10002243,SG,3800,MIN@PHO 12/23/2017 09:00PM ET,PHO,
,,,,,,,,,PG/SG,D.J. Augustin (10002216),D.J. Augustin,10002216,PG,3800,ORL@WAS 12/23/2017 07:00PM ET,ORL,
,,,,,,,,,SG/SF,Dillon Brooks (10002225),Dillon Brooks,10002225,SG,3800,LAC@MEM 12/23/2017 08:00PM ET,MEM,
,,,,,,,,,C,Cody Zeller (10002209),Cody Zeller,10002209,C,3800,MIL@CHA 12/23/2017 07:00PM ET,CHA,
,,,,,,,,,PG,Emmanuel Mudiay (10002206),Emmanuel Mudiay,10002206,PG,3800,DEN@GS 12/23/2017 08:30PM ET,DEN,
,,,,,,,,,SG/SF,Torrey Craig (10002220),Torrey Craig,10002220,SG,3800,DEN@GS 12/23/2017 08:30PM ET,DEN,
,,,,,,,,,SG,Marco Belinelli (10002261),Marco Belinelli,10002261,SG,3700,DAL@ATL 12/23/2017 07:30PM ET,ATL,
,,,,,,,,,PG/SG,Jerian Grant (10002257),Jerian Grant,10002257,PG,3700,CHI@BOS 12/23/2017 07:30PM ET,CHI,
,,,,,,,,,C,Aron Baynes (10002275),Aron Baynes,10002275,C,3700,CHI@BOS 12/23/2017 07:30PM ET,BOS,
,,,,,,,,,SF/PF,Jerami Grant (10002267),Jerami Grant,10002267,SF,3700,OKC@UTA 12/23/2017 08:00PM ET,OKC,
,,,,,,,,,SG/SF,Glenn Robinson III (10002286),Glenn Robinson III,10002286,SG,3700,BKN@IND 12/23/2017 07:00PM ET,IND,
,,,,,,,,,PF/C,Ed Davis (10002271),Ed Davis,10002271,PF,3700,POR@LAL 12/23/2017 09:30PM ET,POR,
,,,,,,,,,PG,Tyler Ulis (10002264),Tyler Ulis,10002264,PG,3700,MIN@PHO 12/23/2017 09:00PM ET,PHO,
,,,,,,,,,SF/PF,Jamil Wilson (10002277),Jamil Wilson,10002277,SF,3700,LAC@MEM 12/23/2017 08:00PM ET,LAC,
,,,,,,,,,PG/SF,Patrick McCaw (10002281),Patrick McCaw,10002281,PG,3700,DEN@GS 12/23/2017 08:30PM ET,GS,
,,,,,,,,,PG/SG,Devin Harris (10002299),Devin Harris,10002299,PG,3600,DAL@ATL 12/23/2017 07:30PM ET,DAL,
,,,,,,,,,SG/SF,Thabo Sefolosha (10002294),Thabo Sefolosha,10002294,SG,3600,OKC@UTA 12/23/2017 08:00PM ET,UTA,
,,,,,,,,,PG,Mike James (10002291),Mike James,10002291,PG,3600,MIN@PHO 12/23/2017 09:00PM ET,PHO,
,,,,,,,,,PF/C,Marquese Chriss (10002305),Marquese Chriss,10002305,PF,3600,MIN@PHO 12/23/2017 09:00PM ET,PHO,
,,,,,,,,,C,Kosta Koufos (10002303),Kosta Koufos,10002303,C,3600,SA@SAC 12/23/2017 10:00PM ET,SAC,
,,,,,,,,,PG/SG,Garrett Temple (10002309),Garrett Temple,10002309,PG,3600,SA@SAC 12/23/2017 10:00PM ET,SAC,
,,,,,,,,,SF/PF,Sam Dekker (10002321),Sam Dekker,10002321,SF,3600,LAC@MEM 12/23/2017 08:00PM ET,LAC,
,,,,,,,,,PF/C,Kenneth Faried (10002313),Kenneth Faried,10002313,PF,3600,DEN@GS 12/23/2017 08:30PM ET,DEN,
,,,,,,,,,PG/SG,Shaun Livingston (10002317),Shaun Livingston,10002317,PG,3600,DEN@GS 12/23/2017 08:30PM ET,GS,
,,,,,,,,,SG/SF,DeAndre' Bembry (10002352),DeAndre' Bembry,10002352,SG,3500,DAL@ATL 12/23/2017 07:30PM ET,ATL,
,,,,,,,,,C,Miles Plumlee (10002357),Miles Plumlee,10002357,C,3500,DAL@ATL 12/23/2017 07:30PM ET,ATL,
,,,,,,,,,C,Jahlil Okafor (10002339),Jahlil Okafor,10002339,C,3500,BKN@IND 12/23/2017 07:00PM ET,BKN,
,,,,,,,,,SG/SF,Corey Brewer (10002367),Corey Brewer,10002367,SG,3500,POR@LAL 12/23/2017 09:30PM ET,LAL,
,,,,,,,,,PG/SG,Bryn Forbes (10002359),Bryn Forbes,10002359,PG,3500,SA@SAC 12/23/2017 10:00PM ET,SA,
,,,,,,,,,SG/SF,Terrence Ross (10002325),Terrence Ross,10002325,SG,3500,ORL@WAS 12/23/2017 07:00PM ET,ORL,
,,,,,,,,,PG/SG,Tomas Satoransky (10002341),Tomas Satoransky,10002341,PG,3500,ORL@WAS 12/23/2017 07:00PM ET,WAS,
,,,,,,,,,PG,Tim Frazier (10002349),Tim Frazier,10002349,PG,3500,ORL@WAS 12/23/2017 07:00PM ET,WAS,
,,,,,,,,,PF/C,Montrezl Harrell (10002345),Montrezl Harrell,10002345,PF,3500,LAC@MEM 12/23/2017 08:00PM ET,LAC,
,,,,,,,,,PF/C,Jarell Martin (10002363),Jarell Martin,10002363,PF,3500,LAC@MEM 12/23/2017 08:00PM ET,MEM,
,,,,,,,,,SG/SF,Tony Snell (10002334),Tony Snell,10002334,SG,3500,MIL@CHA 12/23/2017 07:00PM ET,MIL,
,,,,,,,,,PF/C,David West (10002330),David West,10002330,PF,3500,DEN@GS 12/23/2017 08:30PM ET,GS,
,,,,,,,,,PF,Tyler Cavanaugh (10002411),Tyler Cavanaugh,10002411,PF,3400,DAL@ATL 12/23/2017 07:30PM ET,ATL,
,,,,,,,,,PF/C,Daniel Theis (10002414),Daniel Theis,10002414,PF,3400,CHI@BOS 12/23/2017 07:30PM ET,BOS,
,,,,,,,,,SG/SF,Andre Roberson (10002382),Andre Roberson,10002382,SG,3400,OKC@UTA 12/23/2017 08:00PM ET,OKC,
,,,,,,,,,PG,Raul Neto (10002423),Raul Neto,10002423,PG,3400,OKC@UTA 12/23/2017 08:00PM ET,UTA,
,,,,,,,,,C,Tyler Zeller (10002376),Tyler Zeller,10002376,C,3400,BKN@IND 12/23/2017 07:00PM ET,BKN,
,,,,,,,,,PF/C,Jarrett Allen (10002391),Jarrett Allen,10002391,PF,3400,BKN@IND 12/23/2017 07:00PM ET,BKN,
,,,,,,,,,PG/SG,Nik Stauskas (10002444),Nik Stauskas,10002444,PG,3400,BKN@IND 12/23/2017 07:00PM ET,BKN,
,,,,,,,,,SF/PF,Maurice Harkless (10002395),Maurice Harkless,10002395,SF,3400,POR@LAL 12/23/2017 09:30PM ET,POR,
,,,,,,,,,PF/C,Zach Collins (10002440),Zach Collins,10002440,PF,3400,POR@LAL 12/23/2017 09:30PM ET,POR,
,,,,,,,,,PF/C,Gorgui Dieng (10002378),Gorgui Dieng,10002378,PF,3400,MIN@PHO 12/23/2017 09:00PM ET,MIN,
,,,,,,,,,SF/PF,Dragan Bender (10002399),Dragan Bender,10002399,SF,3400,MIN@PHO 12/23/2017 09:00PM ET,PHO,
,,,,,,,,,PG/SG,Tyus Jones (10002407),Tyus Jones,10002407,PG,3400,MIN@PHO 12/23/2017 09:00PM ET,MIN,
,,,,,,,,,SF/PF,Davis Bertans (10002426),Davis Bertans,10002426,SF,3400,SA@SAC 12/23/2017 10:00PM ET,SA,
,,,,,,,,,SG,Brandon Paul (10002437),Brandon Paul,10002437,SG,3400,SA@SAC 12/23/2017 10:00PM ET,SA,
,,,,,,,,,PG/SG,Shelvin Mack (10002387),Shelvin Mack,10002387,PG,3400,ORL@WAS 12/23/2017 07:00PM ET,ORL,
,,,,,,,,,C,Ian Mahinmi (10002421),Ian Mahinmi,10002421,C,3400,ORL@WAS 12/23/2017 07:00PM ET,WAS,
,,,,,,,,,SG/SF,Arron Afflalo (10002448),Arron Afflalo,10002448,SG,3400,ORL@WAS 12/23/2017 07:00PM ET,ORL,
,,,,,,,,,PG,Jawun Evans (10002418),Jawun Evans,10002418,PG,3400,LAC@MEM 12/23/2017 08:00PM ET,LAC,
,,,,,,,,,SG,C.J. Williams (10002430),C.J. Williams,10002430,SG,3400,LAC@MEM 12/23/2017 08:00PM ET,LAC,
,,,,,,,,,PF/C,Thon Maker (10002403),Thon Maker,10002403,PF,3400,MIL@CHA 12/23/2017 07:00PM ET,MIL,
,,,,,,,,,PG/SG,Jameer Nelson (10002372),Jameer Nelson,10002372,PG,3400,NO@MIA 12/23/2017 08:00PM ET,NO,
,,,,,,,,,SF/PF,Kevon Looney (10002433),Kevon Looney,10002433,SF,3400,DEN@GS 12/23/2017 08:30PM ET,GS,
,,,,,,,,,SG/SF,Paul Zipser (10002498),Paul Zipser,10002498,SG,3300,CHI@BOS 12/23/2017 07:30PM ET,CHI,
,,,,,,,,,PG,Shane Larkin (10002507),Shane Larkin,10002507,PG,3300,CHI@BOS 12/23/2017 07:30PM ET,BOS,
,,,,,,,,,SG/SF,Alex Abrines (10002493),Alex Abrines,10002493,SG,3300,OKC@UTA 12/23/2017 08:00PM ET,OKC,
,,,,,,,,,PF/C,Quincy Acy (10002481),Quincy Acy,10002481,PF,3300,BKN@IND 12/23/2017 07:00PM ET,BKN,
,,,,,,,,,SG/SF,Pat Connaughton (10002485),Pat Connaughton,10002485,SG,3300,POR@LAL 12/23/2017 09:30PM ET,POR,
,,,,,,,,,SF/PF,Nemanja Bjelica (10002467),Nemanja Bjelica,10002467,SF,3300,MIN@PHO 12/23/2017 09:00PM ET,MIN,
,,,,,,,,,SG/SF,Shabazz Muhammad (10002515),Shabazz Muhammad,10002515,SG,3300,MIN@PHO 12/23/2017 09:00PM ET,MIN,
,,,,,,,,,PF/C,Skal Labissiere (10002459),Skal Labissiere,10002459,PF,3300,SA@SAC 12/23/2017 10:00PM ET,SAC,
,,,,,,,,,SF/PF,Jakarr Sampson (10002463),Jakarr Sampson,10002463,SF,3300,SA@SAC 12/23/2017 10:00PM ET,SAC,
,,,,,,,,,SF/PF,Jonathan Isaac (10002455),Jonathan Isaac,10002455,SF,3300,ORL@WAS 12/23/2017 07:00PM ET,ORL,
,,,,,,,,,PG,Michael Carter-Williams (10002475),Michael Carter-Williams,10002475,PG,3300,MIL@CHA 12/23/2017 07:00PM ET,CHA,
,,,,,,,,,SG/SF,DeAndre Liggins (10002510),DeAndre Liggins,10002510,SG,3300,MIL@CHA 12/23/2017 07:00PM ET,MIL,
,,,,,,,,,SF/PF,Dante Cunningham (10002471),Dante Cunningham,10002471,SF,3300,NO@MIA 12/23/2017 08:00PM ET,NO,
,,,,,,,,,SF,Darius Miller (10002478),Darius Miller,10002478,SF,3300,NO@MIA 12/23/2017 08:00PM ET,NO,
,,,,,,,,,C,Zaza Pachulia (10002453),Zaza Pachulia,10002453,C,3300,DEN@GS 12/23/2017 08:30PM ET,GS,
,,,,,,,,,SG,Nick Young (10002490),Nick Young,10002490,SG,3300,DEN@GS 12/23/2017 08:30PM ET,GS,
,,,,,,,,,SF/PF,Juancho Hernangomez (10002503),Juancho Hernangomez,10002503,SF,3300,DEN@GS 12/23/2017 08:30PM ET,DEN,
,,,,,,,,,SG/SF,Semi Ojeleye (10002565),Semi Ojeleye,10002565,SG,3200,CHI@BOS 12/23/2017 07:30PM ET,BOS,
,,,,,,,,,PF/C,Patrick Patterson (10002555),Patrick Patterson,10002555,PF,3200,OKC@UTA 12/23/2017 08:00PM ET,OKC,
,,,,,,,,,PF/C,Al Jefferson (10002520),Al Jefferson,10002520,PF,3200,BKN@IND 12/23/2017 07:00PM ET,IND,
,,,,,,,,,PG/SG,Isaiah Whitehead (10002529),Isaiah Whitehead,10002529,PG,3200,BKN@IND 12/23/2017 07:00PM ET,BKN,
,,,,,,,,,PF/C,Meyers Leonard (10002549),Meyers Leonard,10002549,PF,3200,POR@LAL 12/23/2017 09:30PM ET,POR,
,,,,,,,,,PF,Caleb Swanigan (10002559),Caleb Swanigan,10002559,PF,3200,POR@LAL 12/23/2017 09:30PM ET,POR,
,,,,,,,,,C,Ivica Zubac (10002575),Ivica Zubac,10002575,C,3200,POR@LAL 12/23/2017 09:30PM ET,LAL,
,,,,,,,,,PF,Jared Dudley (10002546),Jared Dudley,10002546,PF,3200,MIN@PHO 12/23/2017 09:00PM ET,PHO,
,,,,,,,,,SG/SF,Wes Iwundu (10002570),Wes Iwundu,10002570,SG,3200,ORL@WAS 12/23/2017 07:00PM ET,ORL,
,,,,,,,,,SG/SF,James Ennis III (10002524),James Ennis III,10002524,SG,3200,LAC@MEM 12/23/2017 08:00PM ET,MEM,
,,,,,,,,,SG/SF,Ben McLemore (10002541),Ben McLemore,10002541,SG,3200,LAC@MEM 12/23/2017 08:00PM ET,MEM,
,,,,,,,,,SF/PF,Mirza Teletovic (10002533),Mirza Teletovic,10002533,SF,3200,MIL@CHA 12/23/2017 07:00PM ET,MIL,
,,,,,,,,,PG/SG,Matthew Dellavedova (10002537),Matthew Dellavedova,10002537,PG,3200,MIL@CHA 12/23/2017 07:00PM ET,MIL,
,,,,,,,,,C,JaVale McGee (10002553),JaVale McGee,10002553,C,3200,DEN@GS 12/23/2017 08:30PM ET,GS,
,,,,,,,,,SG,Malik Beasley (10002562),Malik Beasley,10002562,SG,3200,DEN@GS 12/23/2017 08:30PM ET,DEN,
,,,,,,,,,PF/C,Dwight Powell (10002577),Dwight Powell,10002577,PF,3100,DAL@ATL 12/23/2017 07:30PM ET,DAL,
,,,,,,,,,SF/PF,Luke Babbitt (10002589),Luke Babbitt,10002589,SF,3100,DAL@ATL 12/23/2017 07:30PM ET,ATL,
,,,,,,,,,PG,Antonio Blakeney (10002600),Antonio Blakeney,10002600,PG,3100,CHI@BOS 12/23/2017 07:30PM ET,CHI,
,,,,,,,,,PG/SG,Raymond Felton (10002585),Raymond Felton,10002585,PG,3100,OKC@UTA 12/23/2017 08:00PM ET,OKC,
,,,,,,,,,PF/C,Noah Vonleh (10002581),Noah Vonleh,10002581,PF,3100,POR@LAL 12/23/2017 09:30PM ET,POR,
,,,,,,,,,SG/SF,Vince Carter (10002608),Vince Carter,10002608,SG,3100,SA@SAC 12/23/2017 10:00PM ET,SAC,
,,,,,,,,,PF/C,Bismack Biyombo (10002593),Bismack Biyombo,10002593,PF,3100,ORL@WAS 12/23/2017 07:00PM ET,ORL,
,,,,,,,,,SG,Jodie Meeks (10002597),Jodie Meeks,10002597,SG,3100,ORL@WAS 12/23/2017 07:00PM ET,WAS,
,,,,,,,,,SG/SF,Tony Allen (10002603),Tony Allen,10002603,SG,3100,NO@MIA 12/23/2017 08:00PM ET,NO,
,,,,,,,,,PG,Quinn Cook (10002613),Quinn Cook,10002613,PG,3100,DEN@GS 12/23/2017 08:30PM ET,GS,
,,,,,,,,,C,Mike Muscala (10002624),Mike Muscala,10002624,C,3000,DAL@ATL 12/23/2017 07:30PM ET,ATL,
,,,,,,,,,PF,Nerlens Noel (10002637),Nerlens Noel,10002637,PF,3000,DAL@ATL 12/23/2017 07:30PM ET,DAL,
,,,,,,,,,C,Salah Mejri (10002640),Salah Mejri,10002640,C,3000,DAL@ATL 12/23/2017 07:30PM ET,DAL,
,,,,,,,,,PF/C,Johnathan Motley (10002714),Johnathan Motley,10002714,PF,3000,DAL@ATL 12/23/2017 07:30PM ET,DAL,
,,,,,,,,,SG,Kyle Collinsworth (10002747),Kyle Collinsworth,10002747,SG,3000,DAL@ATL 12/23/2017 07:30PM ET,DAL,
,,,,,,,,,PG,Josh Magette (10002754),Josh Magette,10002754,PG,3000,DAL@ATL 12/23/2017 07:30PM ET,ATL,
,,,,,,,,,SF,Dorian Finney-Smith (10002761),Dorian Finney-Smith,10002761,SF,3000,DAL@ATL 12/23/2017 07:30PM ET,DAL,
,,,,,,,,,PG/SG,Tyler Dorsey (10002818),Tyler Dorsey,10002818,PG,3000,DAL@ATL 12/23/2017 07:30PM ET,ATL,
,,,,,,,,,PF/C,Josh McRoberts (10002977),Josh McRoberts,10002977,PF,3000,DAL@ATL 12/23/2017 07:30PM ET,DAL,
,,,,,,,,,PF/C,Cristiano Felicio (10002685),Cristiano Felicio,10002685,PF,3000,CHI@BOS 12/23/2017 07:30PM ET,CHI,
,,,,,,,,,SG/SF,Quincy Pondexter (10002774),Quincy Pondexter,10002774,SG,3000,CHI@BOS 12/23/2017 07:30PM ET,CHI,
,,,,,,,,,PF/C,Guerschon Yabusele (10002779),Guerschon Yabusele,10002779,PF,3000,CHI@BOS 12/23/2017 07:30PM ET,BOS,
,,,,,,,,,PF,Abdel Nader (10002798),Abdel Nader,10002798,PF,3000,CHI@BOS 12/23/2017 07:30PM ET,BOS,
,,,,,,,,,SG,Jabari Bird (10002842),Jabari Bird,10002842,SG,3000,CHI@BOS 12/23/2017 07:30PM ET,BOS,
,,,,,,,,,SG,Kadeem Allen (10002869),Kadeem Allen,10002869,SG,3000,CHI@BOS 12/23/2017 07:30PM ET,BOS,
,,,,,,,,,PG,Ryan Arcidiacono (10002927),Ryan Arcidiacono,10002927,PG,3000,CHI@BOS 12/23/2017 07:30PM ET,CHI,
,,,,,,,,,SG/SF,Gordon Hayward (10002986),Gordon Hayward,10002986,SG,3000,CHI@BOS 12/23/2017 07:30PM ET,BOS,
,,,,,,,,,PG/SG,Cameron Payne (10003008),Cameron Payne,10003008,PG,3000,CHI@BOS 12/23/2017 07:30PM ET,CHI,
,,,,,,,,,SF,Royce O'Neale (10002711),Royce O'Neale,10002711,SF,3000,OKC@UTA 12/23/2017 08:00PM ET,UTA,
,,,,,,,,,SF/PF,Josh Huestis (10002733),Josh Huestis,10002733,SF,3000,OKC@UTA 12/23/2017 08:00PM ET,OKC,
,,,,,,,,,C,Dakari Johnson (10002745),Dakari Johnson,10002745,C,3000,OKC@UTA 12/23/2017 08:00PM ET,OKC,
,,,,,,,,,SG/SF,Kyle Singler (10002805),Kyle Singler,10002805,SG,3000,OKC@UTA 12/23/2017 08:00PM ET,OKC,
,,,,,,,,,PF/C,Nick Collison (10002845),Nick Collison,10002845,PF,3000,OKC@UTA 12/23/2017 08:00PM ET,OKC,
,,,,,,,,,C,Tony Bradley (10002877),Tony Bradley,10002877,C,3000,OKC@UTA 12/23/2017 08:00PM ET,UTA,
,,,,,,,,,SG/SF,Terrance Ferguson (10002886),Terrance Ferguson,10002886,SG,3000,OKC@UTA 12/23/2017 08:00PM ET,OKC,
,,,,,,,,,PG,Nate Wolters (10002936),Nate Wolters,10002936,PG,3000,OKC@UTA 12/23/2017 08:00PM ET,UTA,
,,,,,,,,,PG/SG,PJ Dozier (10002970),PJ Dozier,10002970,PG,3000,OKC@UTA 12/23/2017 08:00PM ET,OKC,
,,,,,,,,,PG/SG,Dante Exum (10003004),Dante Exum,10003004,PG,3000,OKC@UTA 12/23/2017 08:00PM ET,UTA,
,,,,,,,,,SF,Daniel Hamilton (10003012),Daniel Hamilton,10003012,SF,3000,OKC@UTA 12/23/2017 08:00PM ET,OKC,
,,,,,,,,,SF/PF,Erik McCree (10003045),Erik McCree,10003045,SF,3000,OKC@UTA 12/23/2017 08:00PM ET,UTA,
,,,,,,,,,PG/SG,Jeremy Lin (10002620),Jeremy Lin,10002620,PG,3000,BKN@IND 12/23/2017 07:00PM ET,BKN,
,,,,,,,,,C,Timofey Mozgov (10002646),Timofey Mozgov,10002646,C,3000,BKN@IND 12/23/2017 07:00PM ET,BKN,
,,,,,,,,,SF/PF,TJ Leaf (10002741),TJ Leaf,10002741,SF,3000,BKN@IND 12/23/2017 07:00PM ET,IND,
,,,,,,,,,PG,Jacob Wiley (10002795),Jacob Wiley,10002795,PG,3000,BKN@IND 12/23/2017 07:00PM ET,BKN,
,,,,,,,,,PG/SG,Joe Young (10002814),Joe Young,10002814,PG,3000,BKN@IND 12/23/2017 07:00PM ET,IND,
,,,,,,,,,SG/SF,Damien Wilkins (10002872),Damien Wilkins,10002872,SG,3000,BKN@IND 12/23/2017 07:00PM ET,IND,
,,,,,,,,,PF/C,Ike Anigbogu (10002906),Ike Anigbogu,10002906,PF,3000,BKN@IND 12/23/2017 07:00PM ET,IND,
,,,,,,,,,SF,Alex Poythress (10002910),Alex Poythress,10002910,SF,3000,BKN@IND 12/23/2017 07:00PM ET,IND,
,,,,,,,,,PG,Milton Doyle (10002967),Milton Doyle,10002967,PG,3000,BKN@IND 12/23/2017 07:00PM ET,BKN,
,,,,,,,,,SG,Yakuba Ouattara (10002974),Yakuba Ouattara,10002974,SG,3000,BKN@IND 12/23/2017 07:00PM ET,BKN,
,,,,,,,,,PG,Edmond Sumner (10003001),Edmond Sumner,10003001,PG,3000,BKN@IND 12/23/2017 07:00PM ET,IND,
,,,,,,,,,C,Andrew Bogut (10002700),Andrew Bogut,10002700,C,3000,POR@LAL 12/23/2017 09:30PM ET,LAL,
,,,,,,,,,SF/PF,Luol Deng (10002783),Luol Deng,10002783,SF,3000,POR@LAL 12/23/2017 09:30PM ET,LAL,
,,,,,,,,,PG/SG,Tyler Ennis (10002801),Tyler Ennis,10002801,PG,3000,POR@LAL 12/23/2017 09:30PM ET,LAL,
,,,,,,,,,PG/SG,Alex Caruso (10002822),Alex Caruso,10002822,PG,3000,POR@LAL 12/23/2017 09:30PM ET,LAL,
,,,,,,,,,SF/PF,Jake Layman (10002838),Jake Layman,10002838,SF,3000,POR@LAL 12/23/2017 09:30PM ET,POR,
,,,,,,,,,PG/SG,Vander Blue (10002939),Vander Blue,10002939,PG,3000,POR@LAL 12/23/2017 09:30PM ET,LAL,
,,,,,,,,,PF/C,Thomas Bryant (10002943),Thomas Bryant,10002943,PF,3000,POR@LAL 12/23/2017 09:30PM ET,LAL,
,,,,,,,,,SG/SF,CJ Wilcox (10002950),CJ Wilcox,10002950,SG,3000,POR@LAL 12/23/2017 09:30PM ET,POR,
,,,,,,,,,PG/SG,Wade Baldwin IV (10002993),Wade Baldwin IV,10002993,PG,3000,POR@LAL 12/23/2017 09:30PM ET,POR,
,,,,,,,,,SG/SF,Danuel House (10002720),Danuel House,10002720,SG,3000,MIN@PHO 12/23/2017 09:00PM ET,PHO,
,,,,,,,,,PG/SG,Aaron Brooks (10002810),Aaron Brooks,10002810,PG,3000,MIN@PHO 12/23/2017 09:00PM ET,MIN,
,,,,,,,,,PF,Alec Peters (10002835),Alec Peters,10002835,PF,3000,MIN@PHO 12/23/2017 09:00PM ET,PHO,
,,,,,,,,,C,Cole Aldrich (10002913),Cole Aldrich,10002913,C,3000,MIN@PHO 12/23/2017 09:00PM ET,MIN,
,,,,,,,,,SG/SF,Marcus Georges-Hunt (10002919),Marcus Georges-Hunt,10002919,SG,3000,MIN@PHO 12/23/2017 09:00PM ET,MIN,
,,,,,,,,,C,Alan Williams (10002984),Alan Williams,10002984,C,3000,MIN@PHO 12/23/2017 09:00PM ET,PHO,
,,,,,,,,,PG/SG,Brandon Knight (10002997),Brandon Knight,10002997,PG,3000,MIN@PHO 12/23/2017 09:00PM ET,PHO,
,,,,,,,,,C,Justin Patton (10003027),Justin Patton,10003027,C,3000,MIN@PHO 12/23/2017 09:00PM ET,MIN,
,,,,,,,,,SG/SF,Davon Reed (10003029),Davon Reed,10003029,SG,3000,MIN@PHO 12/23/2017 09:00PM ET,PHO,
,,,,,,,,,SG/SF,Anthony Brown (10003038),Anthony Brown,10003038,SG,3000,MIN@PHO 12/23/2017 09:00PM ET,MIN,
,,,,,,,,,PF,Matt Costello (10002634),Matt Costello,10002634,PF,3000,SA@SAC 12/23/2017 10:00PM ET,SA,
,,,,,,,,,PF/C,Joffrey Lauvergne (10002655),Joffrey Lauvergne,10002655,PF,3000,SA@SAC 12/23/2017 10:00PM ET,SA,
,,,,,,,,,SG/SF,Justin Jackson (10002663),Justin Jackson,10002663,SG,3000,SA@SAC 12/23/2017 10:00PM ET,SAC,
,,,,,,,,,C,Georgios Papagiannis (10002718),Georgios Papagiannis,10002718,C,3000,SA@SAC 12/23/2017 10:00PM ET,SAC,
,,,,,,,,,SG/SF,Malachi Richardson (10002725),Malachi Richardson,10002725,SG,3000,SA@SAC 12/23/2017 10:00PM ET,SAC,
,,,,,,,,,PG,Derrick White (10002730),Derrick White,10002730,PG,3000,SA@SAC 12/23/2017 10:00PM ET,SA,
,,,,,,,,,PF,Jack Cooley (10002792),Jack Cooley,10002792,PF,3000,SA@SAC 12/23/2017 10:00PM ET,SAC,
,,,,,,,,,SG/SF,Darrun Hilliard (10002855),Darrun Hilliard,10002855,SG,3000,SA@SAC 12/23/2017 10:00PM ET,SA,
,,,,,,,,,PF/C,Harry Giles (10003034),Harry Giles,10003034,PF,3000,SA@SAC 12/23/2017 10:00PM ET,SAC,
,,,,,,,,,PF/C,Marreese Speights (10002630),Marreese Speights,10002630,PF,3000,ORL@WAS 12/23/2017 07:00PM ET,ORL,
,,,,,,,,,PF/C,Jason Smith (10002737),Jason Smith,10002737,PF,3000,ORL@WAS 12/23/2017 07:00PM ET,WAS,
,,,,,,,,,PF/C,Chris McCullough (10002767),Chris McCullough,10002767,PF,3000,ORL@WAS 12/23/2017 07:00PM ET,WAS,
,,,,,,,,,PF,Adreian Payne (10002789),Adreian Payne,10002789,PF,3000,ORL@WAS 12/23/2017 07:00PM ET,ORL,
,,,,,,,,,SG/SF,Jamel Artis (10002864),Jamel Artis,10002864,SG,3000,ORL@WAS 12/23/2017 07:00PM ET,ORL,
,,,,,,,,,PF/C,Khem Birch (10002902),Khem Birch,10002902,PF,3000,ORL@WAS 12/23/2017 07:00PM ET,ORL,
,,,,,,,,,PF,Mike Young (10002958),Mike Young,10002958,PF,3000,ORL@WAS 12/23/2017 07:00PM ET,WAS,
,,,,,,,,,SG,Sheldon Mac (10002961),Sheldon Mac,10002961,SG,3000,ORL@WAS 12/23/2017 07:00PM ET,WAS,
,,,,,,,,,SG,Devin Robinson (10002964),Devin Robinson,10002964,SG,3000,ORL@WAS 12/23/2017 07:00PM ET,WAS,
,,,,,,,,,PG/SG,Patrick Beverley (10002616),Patrick Beverley,10002616,PG,3000,LAC@MEM 12/23/2017 08:00PM ET,LAC,
,,,,,,,,,PF/C,Brandan Wright (10002626),Brandan Wright,10002626,PF,3000,LAC@MEM 12/23/2017 08:00PM ET,MEM,
,,,,,,,,,C,Willie Reed (10002653),Willie Reed,10002653,C,3000,LAC@MEM 12/23/2017 08:00PM ET,LAC,
,,,,,,,,,PF/C,Deyonta Davis (10002668),Deyonta Davis,10002668,PF,3000,LAC@MEM 12/23/2017 08:00PM ET,MEM,
,,,,,,,,,SG,Sindarius Thornwell (10002689),Sindarius Thornwell,10002689,SG,3000,LAC@MEM 12/23/2017 08:00PM ET,LAC,
,,,,,,,,,PG/SG,Wayne Selden Jr. (10002696),Wayne Selden Jr.,10002696,PG,3000,LAC@MEM 12/23/2017 08:00PM ET,MEM,
,,,,,,,,,PF/C,Brice Johnson (10002757),Brice Johnson,10002757,PF,3000,LAC@MEM 12/23/2017 08:00PM ET,LAC,
,,,,,,,,,SG,Kobi Simmons (10002826),Kobi Simmons,10002826,SG,3000,LAC@MEM 12/23/2017 08:00PM ET,MEM,
,,,,,,,,,PF,Vince Hunter (10002832),Vince Hunter,10002832,PF,3000,LAC@MEM 12/23/2017 08:00PM ET,MEM,
,,,,,,,,,PF/C,Ivan Rabb (10002915),Ivan Rabb,10002915,PF,3000,LAC@MEM 12/23/2017 08:00PM ET,MEM,
,,,,,,,,,PG/SG,Malik Monk (10002642),Malik Monk,10002642,PG,3000,MIL@CHA 12/23/2017 07:00PM ET,CHA,
,,,,,,,,,SG/SF,Treveon Graham (10002648),Treveon Graham,10002648,SG,3000,MIL@CHA 12/23/2017 07:00PM ET,CHA,
,,,,,,,,,PF/C,Johnny O'Bryant III (10002659),Johnny O'Bryant III,10002659,PF,3000,MIL@CHA 12/23/2017 07:00PM ET,CHA,
,,,,,,,,,PG/SG,Sean Kilpatrick (10002672),Sean Kilpatrick,10002672,PG,3000,MIL@CHA 12/23/2017 07:00PM ET,MIL,
,,,,,,,,,SG/SF,Dwayne Bacon (10002676),Dwayne Bacon,10002676,SG,3000,MIL@CHA 12/23/2017 07:00PM ET,CHA,
,,,,,,,,,SG/SF,Rashad Vaughn (10002702),Rashad Vaughn,10002702,SG,3000,MIL@CHA 12/23/2017 07:00PM ET,MIL,
,,,,,,,,,PG/SG,Julyan Stone (10002707),Julyan Stone,10002707,PG,3000,MIL@CHA 12/23/2017 07:00PM ET,CHA,
,,,,,,,,,PG/SG,Jason Terry (10002750),Jason Terry,10002750,PG,3000,MIL@CHA 12/23/2017 07:00PM ET,MIL,
,,,,,,,,,SG,Sterling Brown (10002764),Sterling Brown,10002764,SG,3000,MIL@CHA 12/23/2017 07:00PM ET,MIL,
,,,,,,,,,PF,Joel Bolomboy (10002849),Joel Bolomboy,10002849,PF,3000,MIL@CHA 12/23/2017 07:00PM ET,MIL,
,,,,,,,,,PG,Marcus Paige (10002879),Marcus Paige,10002879,PG,3000,MIL@CHA 12/23/2017 07:00PM ET,CHA,
,,,,,,,,,PF/C,Mangok Mathiang (10002882),Mangok Mathiang,10002882,PF,3000,MIL@CHA 12/23/2017 07:00PM ET,CHA,
,,,,,,,,,PF/C,D.J. Wilson (10002930),D.J. Wilson,10002930,PF,3000,MIL@CHA 12/23/2017 07:00PM ET,MIL,
,,,,,,,,,PG/SG,Ian Clark (10002681),Ian Clark,10002681,PG,3000,NO@MIA 12/23/2017 08:00PM ET,NO,
,,,,,,,,,SF/PF,Okaro White (10002692),Okaro White,10002692,SF,3000,NO@MIA 12/23/2017 08:00PM ET,MIA,
,,,,,,,,,PF,Cheick Diallo (10002771),Cheick Diallo,10002771,PF,3000,NO@MIA 12/23/2017 08:00PM ET,NO,
,,,,,,,,,C,Omer Asik (10002787),Omer Asik,10002787,C,3000,NO@MIA 12/23/2017 08:00PM ET,NO,
,,,,,,,,,SG,Charles Cooke (10002852),Charles Cooke,10002852,SG,3000,NO@MIA 12/23/2017 08:00PM ET,NO,
,,,,,,,,,SF,Jalen Jones (10002891),Jalen Jones,10002891,SF,3000,NO@MIA 12/23/2017 08:00PM ET,NO,
,,,,,,,,,PF/C,Udonis Haslem (10002894),Udonis Haslem,10002894,PF,3000,NO@MIA 12/23/2017 08:00PM ET,MIA,
,,,,,,,,,PG/SG,Derrick Walton Jr. (10002898),Derrick Walton Jr.,10002898,PG,3000,NO@MIA 12/23/2017 08:00PM ET,MIA,
,,,,,,,,,PG,Frank Jackson (10002981),Frank Jackson,10002981,PG,3000,NO@MIA 12/23/2017 08:00PM ET,NO,
,,,,,,,,,C,Alexis Ajinca (10002991),Alexis Ajinca,10002991,C,3000,NO@MIA 12/23/2017 08:00PM ET,NO,
,,,,,,,,,SG/SF,Rodney McGruder (10003015),Rodney McGruder,10003015,SG,3000,NO@MIA 12/23/2017 08:00PM ET,MIA,
,,,,,,,,,SG,Matt Williams Jr. (10003020),Matt Williams Jr.,10003020,SG,3000,NO@MIA 12/23/2017 08:00PM ET,MIA,
,,,,,,,,,SF/PF,Solomon Hill (10003023),Solomon Hill,10003023,SF,3000,NO@MIA 12/23/2017 08:00PM ET,NO,
,,,,,,,,,C,A.J. Hammons (10003043),A.J. Hammons,10003043,C,3000,NO@MIA 12/23/2017 08:00PM ET,MIA,
,,,,,,,,,PF,Darrell Arthur (10002829),Darrell Arthur,10002829,PF,3000,DEN@GS 12/23/2017 08:30PM ET,DEN,
,,,,,,,,,SF/PF,Richard Jefferson (10002860),Richard Jefferson,10002860,SF,3000,DEN@GS 12/23/2017 08:30PM ET,DEN,
,,,,,,,,,PG,Monte Morris (10002924),Monte Morris,10002924,PG,3000,DEN@GS 12/23/2017 08:30PM ET,DEN,
,,,,,,,,,C,Damian Jones (10002934),Damian Jones,10002934,C,3000,DEN@GS 12/23/2017 08:30PM ET,GS,
,,,,,,,,,PF,Chris Boucher (10002947),Chris Boucher,10002947,PF,3000,DEN@GS 12/23/2017 08:30PM ET,GS,
,,,,,,,,,PF,Tyler Lydon (10002955),Tyler Lydon,10002955,PF,3000,DEN@GS 12/23/2017 08:30PM ET,DEN,