P,P,C,1B,2B,3B,SS,OF,OF,OF,,Instructions
,,,,,,,,,,,1. Locate the player you want to select in the list below 
,,,,,,,,,,,2. Copy the ID of your player (you can use the Name + ID column or the ID column) 
,,,,,,,,,,,3. Paste the ID into the roster position desired 
,,,,,,,,,,,4. You must include an ID for each player; you cannot use just the player's name 
,,,,,,,,,,,5. You can create up to 500 lineups per file 
 
,,,,,,,,,,,Position,Name + ID,Name,ID,Roster Position,Salary,Game Info,TeamAbbrev,AvgPointsPerGame
,,,,,,,,,,,SP,Clayton Kershaw (10577064),Clayton Kershaw,10577064,P,12800,WAS@LAD 04/21/2018 09:10PM ET,LAD,18.51
,,,,,,,,,,,SP,Max Scherzer (10577065),Max Scherzer,10577065,P,12400,WAS@LAD 04/21/2018 09:10PM ET,WAS,32.61
,,,,,,,,,,,SP,Gerrit Cole (10577066),Gerrit Cole,10577066,P,12300,HOU@CWS 04/21/2018 07:10PM ET,HOU,33.45
,,,,,,,,,,,SP,Robbie Ray (10577067),Robbie Ray,10577067,P,12000,SD@ARI 04/21/2018 08:10PM ET,ARI,19.09
,,,,,,,,,,,SP,Chris Sale (10576551),Chris Sale,10576551,P,12000,BOS@OAK 04/21/2018 09:05PM ET,BOS,24.22
,,,,,,,,,,,SP,Justin Verlander (10577068),Justin Verlander,10577068,P,11700,HOU@CWS 04/21/2018 07:10PM ET,HOU,27.86
,,,,,,,,,,,SP,Charlie Morton (10577069),Charlie Morton,10577069,P,11600,HOU@CWS 04/21/2018 07:10PM ET,HOU,28.96
,,,,,,,,,,,SP,Alex Wood (10577070),Alex Wood,10577070,P,11400,WAS@LAD 04/21/2018 09:10PM ET,LAD,16.39
,,,,,,,,,,,SP,Jacob deGrom (10576552),Jacob deGrom,10576552,P,10900,NYM@ATL 04/21/2018 07:10PM ET,NYM,22.36
,,,,,,,,,,,SP,Zack Greinke (10577071),Zack Greinke,10577071,P,10600,SD@ARI 04/21/2018 08:10PM ET,ARI,17.75
,,,,,,,,,,,SP,Noah Syndergaard (10577072),Noah Syndergaard,10577072,P,10500,NYM@ATL 04/21/2018 07:10PM ET,NYM,21.9
,,,,,,,,,,,SP,Stephen Strasburg (10576553),Stephen Strasburg,10576553,P,10500,WAS@LAD 04/21/2018 09:10PM ET,WAS,21.26
,,,,,,,,,,,SP,Cole Hamels (10577073),Cole Hamels,10577073,P,10300,SEA@TEX 04/21/2018 08:05PM ET,TEX,16.11
,,,,,,,,,,,SP,Gio Gonzalez (10577074),Gio Gonzalez,10577074,P,10100,WAS@LAD 04/21/2018 09:10PM ET,WAS,18.74
,,,,,,,,,,,SP,David Price (10577075),David Price,10577075,P,10100,BOS@OAK 04/21/2018 09:05PM ET,BOS,15.95
,,,,,,,,,,,SP,James Paxton (10576554),James Paxton,10576554,P,9900,SEA@TEX 04/21/2018 08:05PM ET,SEA,17.34
,,,,,,,,,,,SP,Tanner Roark (10577076),Tanner Roark,10577076,P,9900,WAS@LAD 04/21/2018 09:10PM ET,WAS,18.96
,,,,,,,,,,,SP,Patrick Corbin (10577077),Patrick Corbin,10577077,P,9800,SD@ARI 04/21/2018 08:10PM ET,ARI,32.78
,,,,,,,,,,,SP,Rich Hill (10577078),Rich Hill,10577078,P,9700,WAS@LAD 04/21/2018 09:10PM ET,LAD,11.78
,,,,,,,,,,,SP,Kenta Maeda (10577079),Kenta Maeda,10577079,P,9700,WAS@LAD 04/21/2018 09:10PM ET,LAD,15.16
,,,,,,,,,,,SP,Lance McCullers Jr. (10577080),Lance McCullers Jr.,10577080,P,9600,HOU@CWS 04/21/2018 07:10PM ET,HOU,19.81
,,,,,,,,,,,SP,Chase Anderson (10577081),Chase Anderson,10577081,P,9500,MIA@MIL 04/21/2018 07:10PM ET,MIL,14.49
,,,,,,,,,,,SP,Kyle Hendricks (10577082),Kyle Hendricks,10577082,P,9400,CHC@COL 04/21/2018 08:10PM ET,CHC,13.08
,,,,,,,,,,,SP,Dallas Keuchel (10576555),Dallas Keuchel,10576555,P,9200,HOU@CWS 04/21/2018 07:10PM ET,HOU,13.46
,,,,,,,,,,,SP,Jon Lester (10577084),Jon Lester,10577084,P,9200,CHC@COL 04/21/2018 08:10PM ET,CHC,11.67
,,,,,,,,,,,SP,Madison Bumgarner (10577083),Madison Bumgarner,10577083,P,9200,SF@LAA 04/21/2018 09:07PM ET,SF,0
,,,,,,,,,,,SP,Jose Quintana (10577085),Jose Quintana,10577085,P,9000,CHC@COL 04/21/2018 08:10PM ET,CHC,4.22
,,,,,,,,,,,SP,Zack Godley (10576556),Zack Godley,10576556,P,8800,SD@ARI 04/21/2018 08:10PM ET,ARI,18.83
,,,,,,,,,,,SP,Jimmy Nelson (10577087),Jimmy Nelson,10577087,P,8800,MIA@MIL 04/21/2018 07:10PM ET,MIL,0
,,,,,,,,,,,SP,Johnny Cueto (10577086),Johnny Cueto,10577086,P,8800,SF@LAA 04/21/2018 09:07PM ET,SF,23.53
,,,,,,,,,,,SP,Hyun-Jin Ryu (10576557),Hyun-Jin Ryu,10576557,P,8500,WAS@LAD 04/21/2018 09:10PM ET,LAD,15.41
,,,,,,,,,,,SP,Andrew Triggs (10577088),Andrew Triggs,10577088,P,8500,BOS@OAK 04/21/2018 09:05PM ET,OAK,9.51
,,,,,,,,,,,SP,Jeff Samardzija (10577090),Jeff Samardzija,10577090,P,8200,SF@LAA 04/21/2018 09:07PM ET,SF,19.65
,,,,,,,,,,,SP,Rick Porcello (10577089),Rick Porcello,10577089,P,8200,BOS@OAK 04/21/2018 09:05PM ET,BOS,24.49
,,,,,,,,,,,SP,Reynaldo Lopez (10577092),Reynaldo Lopez,10577092,P,8100,HOU@CWS 04/21/2018 07:10PM ET,CWS,22.45
,,,,,,,,,,,SP,Drew Pomeranz (10577091),Drew Pomeranz,10577091,P,8100,BOS@OAK 04/21/2018 09:05PM ET,BOS,12.05
,,,,,,,,,,,SP,Tyler Chatwood (10577093),Tyler Chatwood,10577093,P,8000,CHC@COL 04/21/2018 08:10PM ET,CHC,12.82
,,,,,,,,,,,SP,Kyle Freeland (10577094),Kyle Freeland,10577094,P,8000,CHC@COL 04/21/2018 08:10PM ET,COL,8.6
,,,,,,,,,,,SP,Yu Darvish (10576558),Yu Darvish,10576558,P,7800,CHC@COL 04/21/2018 08:10PM ET,CHC,10.92
,,,,,,,,,,,SP,Taijuan Walker (10577096),Taijuan Walker,10577096,P,7700,SD@ARI 04/21/2018 08:10PM ET,ARI,8.42
,,,,,,,,,,,SP,Zack Wheeler (10577095),Zack Wheeler,10577095,P,7700,NYM@ATL 04/21/2018 07:10PM ET,NYM,17.72
,,,,,,,,,,,SP,Garrett Richards (10576559),Garrett Richards,10576559,P,7700,SF@LAA 04/21/2018 09:07PM ET,LAA,16.9
,,,,,,,,,,,SP,Jon Gray (10577097),Jon Gray,10577097,P,7600,CHC@COL 04/21/2018 08:10PM ET,COL,9
,,,,,,,,,,,SP,Carlos Rodon (10577098),Carlos Rodon,10577098,P,7500,HOU@CWS 04/21/2018 07:10PM ET,CWS,0
,,,,,,,,,,,SP,Sean Manaea (10576560),Sean Manaea,10576560,P,7500,BOS@OAK 04/21/2018 09:05PM ET,OAK,21.91
,,,,,,,,,,,SP,Tyler Skaggs (10577099),Tyler Skaggs,10577099,P,7400,SF@LAA 04/21/2018 09:07PM ET,LAA,15.09
,,,,,,,,,,,SP,Eduardo Rodriguez (10577100),Eduardo Rodriguez,10577100,P,7300,BOS@OAK 04/21/2018 09:05PM ET,BOS,19.75
,,,,,,,,,,,SP,Mike Foltynewicz (10577101),Mike Foltynewicz,10577101,P,7200,NYM@ATL 04/21/2018 07:10PM ET,ATL,18.8
,,,,,,,,,,,SP,Zach Davies (10577103),Zach Davies,10577103,P,7000,MIA@MIL 04/21/2018 07:10PM ET,MIL,12.91
,,,,,,,,,,,SP,Matt Shoemaker (10577102),Matt Shoemaker,10577102,P,7000,SF@LAA 04/21/2018 09:07PM ET,LAA,13.95
,,,,,,,,,,,SP,Steven Matz (10577104),Steven Matz,10577104,P,6900,NYM@ATL 04/21/2018 07:10PM ET,NYM,15.01
,,,,,,,,,,,SP,Sean Newcomb (10577105),Sean Newcomb,10577105,P,6900,NYM@ATL 04/21/2018 07:10PM ET,ATL,17.24
,,,,,,,,,,,SP,Brent Suter (10576561),Brent Suter,10576561,P,6900,MIA@MIL 04/21/2018 07:10PM ET,MIL,8.07
,,,,,,,,,,,SP,Jason Vargas (10577107),Jason Vargas,10577107,P,6800,NYM@ATL 04/21/2018 07:10PM ET,NYM,0
,,,,,,,,,,,SP,Miguel Gonzalez (10577108),Miguel Gonzalez,10577108,P,6800,HOU@CWS 04/21/2018 07:10PM ET,CWS,-4.75
,,,,,,,,,,,SP,Felix Hernandez (10577109),Felix Hernandez,10577109,P,6800,SEA@TEX 04/21/2018 08:05PM ET,SEA,11.28
,,,,,,,,,,,SP,Dan Straily (10577106),Dan Straily,10577106,P,6800,MIA@MIL 04/21/2018 07:10PM ET,MIA,0
,,,,,,,,,,,SP,Dinelson Lamet (10577110),Dinelson Lamet,10577110,P,6700,SD@ARI 04/21/2018 08:10PM ET,SD,0
,,,,,,,,,,,SP,Shelby Miller (10577111),Shelby Miller,10577111,P,6700,SD@ARI 04/21/2018 08:10PM ET,ARI,0
,,,,,,,,,,,SP,Brandon McCarthy (10577112),Brandon McCarthy,10577112,P,6600,NYM@ATL 04/21/2018 07:10PM ET,ATL,16.49
,,,,,,,,,,,SP,Martin Perez (10577113),Martin Perez,10577113,P,6600,SEA@TEX 04/21/2018 08:05PM ET,TEX,-4.15
,,,,,,,,,,,RP,Brad Peacock (10577115),Brad Peacock,10577115,P,6400,HOU@CWS 04/21/2018 07:10PM ET,HOU,4.79
,,,,,,,,,,,SP,Mike Leake (10577118),Mike Leake,10577118,P,6400,SEA@TEX 04/21/2018 08:05PM ET,SEA,12.05
,,,,,,,,,,,SP,Antonio Senzatela (10577119),Antonio Senzatela,10577119,P,6400,CHC@COL 04/21/2018 08:10PM ET,COL,1.04
,,,,,,,,,,,SP,Wade Miley (10577116),Wade Miley,10577116,P,6400,MIA@MIL 04/21/2018 07:10PM ET,MIL,0
,,,,,,,,,,,SP,JC Ramirez (10577117),JC Ramirez,10577117,P,6400,SF@LAA 04/21/2018 09:07PM ET,LAA,0.3
,,,,,,,,,,,SP,Jharel Cotton (10577114),Jharel Cotton,10577114,P,6400,BOS@OAK 04/21/2018 09:05PM ET,OAK,0
,,,,,,,,,,,SP,Julio Teheran (10576562),Julio Teheran,10576562,P,6300,NYM@ATL 04/21/2018 07:10PM ET,ATL,11.65
,,,,,,,,,,,SP,Matt Harvey (10577120),Matt Harvey,10577120,P,6300,NYM@ATL 04/21/2018 07:10PM ET,NYM,8.66
,,,,,,,,,,,SP,Tyler Anderson (10576563),Tyler Anderson,10576563,P,6200,CHC@COL 04/21/2018 08:10PM ET,COL,9.35
,,,,,,,,,,,SP,Wei-Yin Chen (10577121),Wei-Yin Chen,10577121,P,6200,MIA@MIL 04/21/2018 07:10PM ET,MIA,0
,,,,,,,,,,,SP,Michael Kopech (10577122),Michael Kopech,10577122,P,6100,HOU@CWS 04/21/2018 07:10PM ET,CWS,0
,,,,,,,,,,,SP,German Marquez (10577124),German Marquez,10577124,P,6100,CHC@COL 04/21/2018 08:10PM ET,COL,10.95
,,,,,,,,,,,SP,Brandon Woodruff (10577123),Brandon Woodruff,10577123,P,6100,MIA@MIL 04/21/2018 07:10PM ET,MIL,3.98
,,,,,,,,,,,SP,Collin McHugh (10577125),Collin McHugh,10577125,P,6000,HOU@CWS 04/21/2018 07:10PM ET,HOU,6.45
,,,,,,,,,,,SP,Doug Fister (10577128),Doug Fister,10577128,P,6000,SEA@TEX 04/21/2018 08:05PM ET,TEX,11.45
,,,,,,,,,,,SP,Chad Bettis (10577126),Chad Bettis,10577126,P,6000,CHC@COL 04/21/2018 08:10PM ET,COL,18.36
,,,,,,,,,,,SP,Jeff Hoffman (10577129),Jeff Hoffman,10577129,P,6000,CHC@COL 04/21/2018 08:10PM ET,COL,0
,,,,,,,,,,,SP,Jen-Ho Tseng (10577130),Jen-Ho Tseng,10577130,P,6000,CHC@COL 04/21/2018 08:10PM ET,CHC,0
,,,,,,,,,,,SP,Erick Fedde (10577127),Erick Fedde,10577127,P,6000,WAS@LAD 04/21/2018 09:10PM ET,WAS,0
,,,,,,,,,,,SP,Hisashi Iwakuma (10577132),Hisashi Iwakuma,10577132,P,5900,SEA@TEX 04/21/2018 08:05PM ET,SEA,0
,,,,,,,,,,,SP,Jose Urena (10576564),Jose Urena,10576564,P,5900,MIA@MIL 04/21/2018 07:10PM ET,MIA,9.21
,,,,,,,,,,,SP,Daniel Mengden (10577131),Daniel Mengden,10577131,P,5900,BOS@OAK 04/21/2018 09:05PM ET,OAK,14.3
,,,,,,,,,,,RP,Parker Bridwell (10577133),Parker Bridwell,10577133,P,5800,SF@LAA 04/21/2018 09:07PM ET,LAA,-12.45
,,,,,,,,,,,SP,Bryan Mitchell (10577137),Bryan Mitchell,10577137,P,5700,SD@ARI 04/21/2018 08:10PM ET,SD,3.36
,,,,,,,,,,,SP,Luis Perdomo (10577138),Luis Perdomo,10577138,P,5700,SD@ARI 04/21/2018 08:10PM ET,SD,5.48
,,,,,,,,,,,SP,Matt Moore (10577136),Matt Moore,10577136,P,5700,SEA@TEX 04/21/2018 08:05PM ET,TEX,8.12
,,,,,,,,,,,SP,Jhoulys Chacin (10577139),Jhoulys Chacin,10577139,P,5700,MIA@MIL 04/21/2018 07:10PM ET,MIL,8.41
,,,,,,,,,,,SP,Andrew Suarez (10577134),Andrew Suarez,10577134,P,5700,SF@LAA 04/21/2018 09:07PM ET,SF,15.6
,,,,,,,,,,,SP,Ty Blach (10577140),Ty Blach,10577140,P,5700,SF@LAA 04/21/2018 09:07PM ET,SF,8.01
,,,,,,,,,,,OF,Mookie Betts (10576569),Mookie Betts,10576569,OF,5700,BOS@OAK 04/21/2018 09:05PM ET,BOS,13.56
,,,,,,,,,,,SP,Steven Wright (10577135),Steven Wright,10577135,P,5700,BOS@OAK 04/21/2018 09:05PM ET,BOS,0
,,,,,,,,,,,SP,Luiz Gohara (10577141),Luiz Gohara,10577141,P,5600,NYM@ATL 04/21/2018 07:10PM ET,ATL,0
,,,,,,,,,,,SP,Scott Kazmir (10577143),Scott Kazmir,10577143,P,5600,NYM@ATL 04/21/2018 07:10PM ET,ATL,0
,,,,,,,,,,,SP,Anibal Sanchez (10577145),Anibal Sanchez,10577145,P,5600,NYM@ATL 04/21/2018 07:10PM ET,ATL,16.23
,,,,,,,,,,,SP,Bartolo Colon (10576565),Bartolo Colon,10576565,P,5600,SEA@TEX 04/21/2018 08:05PM ET,TEX,15.55
,,,,,,,,,,,RP,Matt Bush (10577146),Matt Bush,10577146,P,5600,SEA@TEX 04/21/2018 08:05PM ET,TEX,2.88
,,,,,,,,,,,OF,Charlie Blackmon (10576570),Charlie Blackmon,10576570,OF,5600,CHC@COL 04/21/2018 08:10PM ET,COL,11.62
,,,,,,,,,,,SP,Andrew Heaney (10577142),Andrew Heaney,10577142,P,5600,SF@LAA 04/21/2018 09:07PM ET,LAA,8.7
,,,,,,,,,,,SP,Brian Johnson (10577144),Brian Johnson,10577144,P,5600,BOS@OAK 04/21/2018 09:05PM ET,BOS,7.51
,,,,,,,,,,,OF,Mike Trout (10576571),Mike Trout,10576571,OF,5500,SF@LAA 04/21/2018 09:07PM ET,LAA,11.05
,,,,,,,,,,,SP,Hector Velazquez (10577147),Hector Velazquez,10577147,P,5500,BOS@OAK 04/21/2018 09:05PM ET,BOS,10.06
,,,,,,,,,,,SP,Chris Flexen (10577150),Chris Flexen,10577150,P,5400,NYM@ATL 04/21/2018 07:10PM ET,NYM,0
,,,,,,,,,,,SP,James Shields (10577149),James Shields,10577149,P,5400,HOU@CWS 04/21/2018 07:10PM ET,CWS,4.38
,,,,,,,,,,,SP,Ariel Miranda (10577151),Ariel Miranda,10577151,P,5400,SEA@TEX 04/21/2018 08:05PM ET,SEA,13.25
,,,,,,,,,,,3B,Kris Bryant (10576572),Kris Bryant,10576572,3B,5400,CHC@COL 04/21/2018 08:10PM ET,CHC,10.65
,,,,,,,,,,,SP,Junior Guerra (10577152),Junior Guerra,10577152,P,5400,MIA@MIL 04/21/2018 07:10PM ET,MIL,21.08
,,,,,,,,,,,SP,Nick Tropeano (10577148),Nick Tropeano,10577148,P,5400,SF@LAA 04/21/2018 09:07PM ET,LAA,14.4
,,,,,,,,,,,SP,Joey Lucchesi (10577153),Joey Lucchesi,10577153,P,5300,SD@ARI 04/21/2018 08:10PM ET,SD,21.54
,,,,,,,,,,,SP,A.J. Cole (10577154),A.J. Cole,10577154,P,5300,WAS@LAD 04/21/2018 09:10PM ET,WAS,1.01
,,,,,,,,,,,SP,Jaime Barria (10577155),Jaime Barria,10577155,P,5300,SF@LAA 04/21/2018 09:07PM ET,LAA,16.25
,,,,,,,,,,,SP,Rubby De La Rosa (10577157),Rubby De La Rosa,10577157,P,5200,SD@ARI 04/21/2018 08:10PM ET,ARI,0
,,,,,,,,,,,OF,Bryce Harper (10576573),Bryce Harper,10576573,OF,5200,WAS@LAD 04/21/2018 09:10PM ET,WAS,12.5
,,,,,,,,,,,SP,Chris Stratton (10577156),Chris Stratton,10577156,P,5200,SF@LAA 04/21/2018 09:07PM ET,SF,17.74
,,,,,,,,,,,SP,Kendall Graveman (10577158),Kendall Graveman,10577158,P,5200,BOS@OAK 04/21/2018 09:05PM ET,OAK,1.29
,,,,,,,,,,,SP,Taylor Clarke (10577159),Taylor Clarke,10577159,P,5100,SD@ARI 04/21/2018 08:10PM ET,ARI,0
,,,,,,,,,,,RP,Seth Lugo (10577160),Seth Lugo,10577160,P,5100,NYM@ATL 04/21/2018 07:10PM ET,NYM,4.25
,,,,,,,,,,,SP,Robert Gsellman (10577161),Robert Gsellman,10577161,P,5100,NYM@ATL 04/21/2018 07:10PM ET,NYM,5.74
,,,,,,,,,,,SP,Lucas Giolito (10576566),Lucas Giolito,10576566,P,5100,HOU@CWS 04/21/2018 07:10PM ET,CWS,5.7
,,,,,,,,,,,SS,Carlos Correa (10576574),Carlos Correa,10576574,SS,5100,HOU@CWS 04/21/2018 07:10PM ET,HOU,9.85
,,,,,,,,,,,2B,Jose Altuve (10576575),Jose Altuve,10576575,2B,5100,HOU@CWS 04/21/2018 07:10PM ET,HOU,7.10
,,,,,,,,,,,3B,Nolan Arenado (10576576),Nolan Arenado,10576576,3B,5100,CHC@COL 04/21/2018 08:10PM ET,COL,8.25
,,,,,,,,,,,SP,Tyson Ross (10577167),Tyson Ross,10577167,P,5000,SD@ARI 04/21/2018 08:10PM ET,SD,16.31
,,,,,,,,,,,SP,Braden Shipley (10577172),Braden Shipley,10577172,P,5000,SD@ARI 04/21/2018 08:10PM ET,ARI,0
,,,,,,,,,,,SP,Aaron Blair (10577169),Aaron Blair,10577169,P,5000,NYM@ATL 04/21/2018 07:10PM ET,ATL,0
,,,,,,,,,,,RP,Grant Dayton (10577173),Grant Dayton,10577173,P,5000,NYM@ATL 04/21/2018 07:10PM ET,ATL,0
,,,,,,,,,,,SP,Hector Santiago (10577168),Hector Santiago,10577168,P,5000,HOU@CWS 04/21/2018 07:10PM ET,CWS,5.89
,,,,,,,,,,,SP,Marco Gonzales (10577170),Marco Gonzales,10577170,P,5000,SEA@TEX 04/21/2018 08:05PM ET,SEA,10.32
,,,,,,,,,,,RP,Rob Whalen (10577171),Rob Whalen,10577171,P,5000,SEA@TEX 04/21/2018 08:05PM ET,SEA,0
,,,,,,,,,,,1B,Anthony Rizzo (10576577),Anthony Rizzo,10576577,1B,5000,CHC@COL 04/21/2018 08:10PM ET,CHC,6.78
,,,,,,,,,,,SP,Eddie Butler (10577174),Eddie Butler,10577174,P,5000,CHC@COL 04/21/2018 08:10PM ET,CHC,4.8
,,,,,,,,,,,SP,Dillon Peters (10577175),Dillon Peters,10577175,P,5000,MIA@MIL 04/21/2018 07:10PM ET,MIA,6.28
,,,,,,,,,,,SP,Caleb Smith (10577176),Caleb Smith,10577176,P,5000,MIA@MIL 04/21/2018 07:10PM ET,MIA,9.16
,,,,,,,,,,,SP,Joe Ross (10577163),Joe Ross,10577163,P,5000,WAS@LAD 04/21/2018 09:10PM ET,WAS,0
,,,,,,,,,,,SP,Julio Urias (10577165),Julio Urias,10577165,P,5000,WAS@LAD 04/21/2018 09:10PM ET,LAD,0
,,,,,,,,,,,SP,Alex Meyer (10577162),Alex Meyer,10577162,P,5000,SF@LAA 04/21/2018 09:07PM ET,LAA,0
,,,,,,,,,,,RP,Troy Scribner (10577177),Troy Scribner,10577177,P,5000,SF@LAA 04/21/2018 09:07PM ET,LAA,0
,,,,,,,,,,,SP,A.J. Puk (10577164),A.J. Puk,10577164,P,5000,BOS@OAK 04/21/2018 09:05PM ET,OAK,0
,,,,,,,,,,,SP,Daniel Gossett (10577166),Daniel Gossett,10577166,P,5000,BOS@OAK 04/21/2018 09:05PM ET,OAK,-2.25
,,,,,,,,,,,SP,Paul Blackburn (10577178),Paul Blackburn,10577178,P,5000,BOS@OAK 04/21/2018 09:05PM ET,OAK,0
,,,,,,,,,,,SP,A.J. Griffin (10577181),A.J. Griffin,10577181,P,4900,NYM@ATL 04/21/2018 07:10PM ET,NYM,0
,,,,,,,,,,,RP,David Paulino (10577179),David Paulino,10577179,P,4900,HOU@CWS 04/21/2018 07:10PM ET,HOU,0
,,,,,,,,,,,SP,Carson Fulmer (10577182),Carson Fulmer,10577182,P,4900,HOU@CWS 04/21/2018 07:10PM ET,CWS,3.55
,,,,,,,,,,,RP,Francis Martes (10577183),Francis Martes,10577183,P,4900,HOU@CWS 04/21/2018 07:10PM ET,HOU,0
,,,,,,,,,,,SP,Sandy Alcantara (10577184),Sandy Alcantara,10577184,P,4900,MIA@MIL 04/21/2018 07:10PM ET,MIA,0
,,,,,,,,,,,SP,Derek Holland (10576567),Derek Holland,10576567,P,4900,SF@LAA 04/21/2018 09:07PM ET,SF,13.68
,,,,,,,,,,,SP,Joan Gregorio (10577180),Joan Gregorio,10577180,P,4900,SF@LAA 04/21/2018 09:07PM ET,SF,0
,,,,,,,,,,,SP,Clayton Richard (10576568),Clayton Richard,10576568,P,4800,SD@ARI 04/21/2018 08:10PM ET,SD,7.18
,,,,,,,,,,,1B,Paul Goldschmidt (10576580),Paul Goldschmidt,10576580,1B,4800,SD@ARI 04/21/2018 08:10PM ET,ARI,9
,,,,,,,,,,,SP,Colin Rea (10577189),Colin Rea,10577189,P,4800,SD@ARI 04/21/2018 08:10PM ET,SD,0
,,,,,,,,,,,SP,Marcos Molina (10577185),Marcos Molina,10577185,P,4800,NYM@ATL 04/21/2018 07:10PM ET,NYM,0
,,,,,,,,,,,OF,George Springer (10576579),George Springer,10576579,OF,4800,HOU@CWS 04/21/2018 07:10PM ET,HOU,8.86
,,,,,,,,,,,SP,Mike Minor (10577187),Mike Minor,10577187,P,4800,SEA@TEX 04/21/2018 08:05PM ET,TEX,14.56
,,,,,,,,,,,SP,Erasmo Ramirez (10577190),Erasmo Ramirez,10577190,P,4800,SEA@TEX 04/21/2018 08:05PM ET,SEA,0
,,,,,,,,,,,SP,Andrew Albers (10577191),Andrew Albers,10577191,P,4800,SEA@TEX 04/21/2018 08:05PM ET,SEA,0
,,,,,,,,,,,SP,Merandy Gonzalez (10577186),Merandy Gonzalez,10577186,P,4800,MIA@MIL 04/21/2018 07:10PM ET,MIA,4.7
,,,,,,,,,,,SP,Adam Conley (10577192),Adam Conley,10577192,P,4800,MIA@MIL 04/21/2018 07:10PM ET,MIA,0
,,,,,,,,,,,SP,Tyler Beede (10577188),Tyler Beede,10577188,P,4800,SF@LAA 04/21/2018 09:07PM ET,SF,5.22
,,,,,,,,,,,RP,Matt Strahm (10577193),Matt Strahm,10577193,P,4700,SD@ARI 04/21/2018 08:10PM ET,SD,0
,,,,,,,,,,,1B,Freddie Freeman (10576578),Freddie Freeman,10576578,1B,4700,NYM@ATL 04/21/2018 07:10PM ET,ATL,9.47
,,,,,,,,,,,OF,Kyle Schwarber (10576583),Kyle Schwarber,10576583,OF,4700,CHC@COL 04/21/2018 08:10PM ET,CHC,9.19
,,,,,,,,,,,2B,Javier Baez (10576584),Javier Baez,10576584,2B,4700,CHC@COL 04/21/2018 08:10PM ET,CHC,12.47
,,,,,,,,,,,1B,Eric Thames (10576581),Eric Thames,10576581,1B,4700,MIA@MIL 04/21/2018 07:10PM ET,MIL,9
,,,,,,,,,,,SP,Trevor Richards (10577194),Trevor Richards,10577194,P,4700,MIA@MIL 04/21/2018 07:10PM ET,MIA,6.09
,,,,,,,,,,,OF,J.D. Martinez (10576582),J.D. Martinez,10576582,OF,4700,BOS@OAK 04/21/2018 09:05PM ET,BOS,10.35
,,,,,,,,,,,OF,A.J. Pollock (10576586),A.J. Pollock,10576586,OF,4600,SD@ARI 04/21/2018 08:10PM ET,ARI,10
,,,,,,,,,,,SP,Robbie Erlin (10577195),Robbie Erlin,10577195,P,4600,SD@ARI 04/21/2018 08:10PM ET,SD,5.68
,,,,,,,,,,,SP,Kris Medlen (10577196),Kris Medlen,10577196,P,4600,SD@ARI 04/21/2018 08:10PM ET,ARI,0
,,,,,,,,,,,OF,Michael Conforto (10576585),Michael Conforto,10576585,OF,4600,NYM@ATL 04/21/2018 07:10PM ET,NYM,6.86
,,,,,,,,,,,2B,DJ LeMahieu (10576588),DJ LeMahieu,10576588,2B,4600,CHC@COL 04/21/2018 08:10PM ET,COL,9.38
,,,,,,,,,,,OF,Christian Yelich (10576589),Christian Yelich,10576589,OF,4600,MIA@MIL 04/21/2018 07:10PM ET,MIL,11
,,,,,,,,,,,1B/OF,Ryan Braun (10576591),Ryan Braun,10576591,1B/OF,4600,MIA@MIL 04/21/2018 07:10PM ET,MIL,7.61
,,,,,,,,,,,RP,Chris O'Grady (10577197),Chris O'Grady,10577197,P,4600,MIA@MIL 04/21/2018 07:10PM ET,MIA,1.89
,,,,,,,,,,,OF,Adam Eaton (10576587),Adam Eaton,10576587,OF,4600,WAS@LAD 04/21/2018 09:10PM ET,WAS,11
,,,,,,,,,,,SP,Matt Wisler (10577199),Matt Wisler,10577199,P,4500,NYM@ATL 04/21/2018 07:10PM ET,ATL,32.55
,,,,,,,,,,,SP,Jesse Chavez (10577198),Jesse Chavez,10577198,P,4500,SEA@TEX 04/21/2018 08:05PM ET,TEX,5.42
,,,,,,,,,,,SP,Chase De Jong (10577200),Chase De Jong,10577200,P,4500,SEA@TEX 04/21/2018 08:05PM ET,SEA,0
,,,,,,,,,,,SP,Yency Almonte (10577201),Yency Almonte,10577201,P,4500,CHC@COL 04/21/2018 08:10PM ET,COL,0
,,,,,,,,,,,SP,Odrisamer Despaigne (10577202),Odrisamer Despaigne,10577202,P,4500,MIA@MIL 04/21/2018 07:10PM ET,MIA,4.05
,,,,,,,,,,,SP,Jeff Locke (10577203),Jeff Locke,10577203,P,4500,MIA@MIL 04/21/2018 07:10PM ET,MIA,0
,,,,,,,,,,,SP,Wil Crowe (10577204),Wil Crowe,10577204,P,4500,WAS@LAD 04/21/2018 09:10PM ET,WAS,0
,,,,,,,,,,,SP,Seth Romero (10577205),Seth Romero,10577205,P,4500,WAS@LAD 04/21/2018 09:10PM ET,WAS,0
,,,,,,,,,,,OF,Justin Upton (10576593),Justin Upton,10576593,OF,4500,SF@LAA 04/21/2018 09:07PM ET,LAA,8.3
,,,,,,,,,,,SP,Matt Cain (10577206),Matt Cain,10577206,P,4500,SF@LAA 04/21/2018 09:07PM ET,SF,0
,,,,,,,,,,,RP,Chris Heston (10577207),Chris Heston,10577207,P,4500,SF@LAA 04/21/2018 09:07PM ET,SF,0
,,,,,,,,,,,1B,Hanley Ramirez (10576590),Hanley Ramirez,10576590,1B,4500,BOS@OAK 04/21/2018 09:05PM ET,BOS,10.82
,,,,,,,,,,,1B/OF,Wil Myers (10576598),Wil Myers,10576598,1B/OF,4400,SD@ARI 04/21/2018 08:10PM ET,SD,7
,,,,,,,,,,,RP,Rafael Montero (10577208),Rafael Montero,10577208,P,4400,NYM@ATL 04/21/2018 07:10PM ET,NYM,0
,,,,,,,,,,,C,Willson Contreras (10576597),Willson Contreras,10576597,C,4400,CHC@COL 04/21/2018 08:10PM ET,CHC,7.13
,,,,,,,,,,,SS,Trea Turner (10576595),Trea Turner,10576595,SS,4400,WAS@LAD 04/21/2018 09:10PM ET,WAS,8.4
,,,,,,,,,,,OF,Shohei Ohtani (10576594),Shohei Ohtani,10576594,OF,4400,SF@LAA 04/21/2018 09:07PM ET,LAA,4.66
,,,,,,,,,,,OF,Nelson Cruz (10576600),Nelson Cruz,10576600,OF,4300,SEA@TEX 04/21/2018 08:05PM ET,SEA,7.56
,,,,,,,,,,,RP,Andrew Moore (10577210),Andrew Moore,10577210,P,4300,SEA@TEX 04/21/2018 08:05PM ET,SEA,0
,,,,,,,,,,,OF,Ian Happ (10576603),Ian Happ,10576603,OF,4300,CHC@COL 04/21/2018 08:10PM ET,CHC,6
,,,,,,,,,,,1B/OF,Ian Desmond (10576616),Ian Desmond,10576616,1B/OF,4300,CHC@COL 04/21/2018 08:10PM ET,COL,5.7
,,,,,,,,,,,3B,Travis Shaw (10576602),Travis Shaw,10576602,3B,4300,MIA@MIL 04/21/2018 07:10PM ET,MIL,7.81
,,,,,,,,,,,RP,Alec Asher (10577211),Alec Asher,10577211,P,4300,MIA@MIL 04/21/2018 07:10PM ET,MIL,0
,,,,,,,,,,,SP,Jarlin Garcia (10577212),Jarlin Garcia,10577212,P,4300,MIA@MIL 04/21/2018 07:10PM ET,MIA,15.76
,,,,,,,,,,,SP,Jacob Turner (10577213),Jacob Turner,10577213,P,4300,MIA@MIL 04/21/2018 07:10PM ET,MIA,-3.51
,,,,,,,,,,,SP,Austin Voth (10577209),Austin Voth,10577209,P,4300,WAS@LAD 04/21/2018 09:10PM ET,WAS,0
,,,,,,,,,,,2B,Ian Kinsler (10576614),Ian Kinsler,10576614,2B,4300,SF@LAA 04/21/2018 09:07PM ET,LAA,8.14
,,,,,,,,,,,SS,Xander Bogaerts (10576596),Xander Bogaerts,10576596,SS,4300,BOS@OAK 04/21/2018 09:05PM ET,BOS,11.78
,,,,,,,,,,,OF,Andrew Benintendi (10576601),Andrew Benintendi,10576601,OF,4300,BOS@OAK 04/21/2018 09:05PM ET,BOS,9.41
,,,,,,,,,,,OF,David Peralta (10576610),David Peralta,10576610,OF,4200,SD@ARI 04/21/2018 08:10PM ET,ARI,9.56
,,,,,,,,,,,2B,Ozzie Albies (10576606),Ozzie Albies,10576606,2B,4200,NYM@ATL 04/21/2018 07:10PM ET,ATL,11.68
,,,,,,,,,,,3B,Todd Frazier (10576613),Todd Frazier,10576613,3B,4200,NYM@ATL 04/21/2018 07:10PM ET,NYM,9.37
,,,,,,,,,,,1B/3B,Yuli Gurriel (10576607),Yuli Gurriel,10576607,1B/3B,4200,HOU@CWS 04/21/2018 07:10PM ET,HOU,8.14
,,,,,,,,,,,2B,Robinson Cano (10576609),Robinson Cano,10576609,2B,4200,SEA@TEX 04/21/2018 08:05PM ET,SEA,7.78
,,,,,,,,,,,SS,Trevor Story (10576604),Trevor Story,10576604,SS,4200,CHC@COL 04/21/2018 08:10PM ET,COL,7.43
,,,,,,,,,,,OF,Lorenzo Cain (10576615),Lorenzo Cain,10576615,OF,4200,MIA@MIL 04/21/2018 07:10PM ET,MIL,9
,,,,,,,,,,,2B/3B,Daniel Murphy (10576611),Daniel Murphy,10576611,2B/3B,4200,WAS@LAD 04/21/2018 09:10PM ET,WAS,0
,,,,,,,,,,,OF,Khris Davis (10576605),Khris Davis,10576605,OF,4200,BOS@OAK 04/21/2018 09:05PM ET,OAK,9
,,,,,,,,,,,SP,Jalen Beeks (10577214),Jalen Beeks,10577214,P,4200,BOS@OAK 04/21/2018 09:05PM ET,BOS,0
,,,,,,,,,,,3B,Alex Bregman (10576621),Alex Bregman,10576621,3B,4100,HOU@CWS 04/21/2018 07:10PM ET,HOU,6.35
,,,,,,,,,,,1B,Jose Abreu (10576624),Jose Abreu,10576624,1B,4100,HOU@CWS 04/21/2018 07:10PM ET,CWS,8.62
,,,,,,,,,,,OF,Josh Reddick (10576627),Josh Reddick,10576627,OF,4100,HOU@CWS 04/21/2018 07:10PM ET,HOU,8.18
,,,,,,,,,,,1B,Cody Bellinger (10576618),Cody Bellinger,10576618,1B,4100,WAS@LAD 04/21/2018 09:10PM ET,LAD,7.67
,,,,,,,,,,,SS,Corey Seager (10576619),Corey Seager,10576619,SS,4100,WAS@LAD 04/21/2018 09:10PM ET,LAD,6.88
,,,,,,,,,,,3B,Anthony Rendon (10576620),Anthony Rendon,10576620,3B,4100,WAS@LAD 04/21/2018 09:10PM ET,WAS,6.64
,,,,,,,,,,,2B/3B,Zack Cozart (10576622),Zack Cozart,10576622,2B/3B,4100,SF@LAA 04/21/2018 09:07PM ET,LAA,7.72
,,,,,,,,,,,1B/C,Buster Posey (10576625),Buster Posey,10576625,C/1B,4100,SF@LAA 04/21/2018 09:07PM ET,SF,6.72
,,,,,,,,,,,1B,Eric Hosmer (10576631),Eric Hosmer,10576631,1B,4000,SD@ARI 04/21/2018 08:10PM ET,SD,7.05
,,,,,,,,,,,SP,Kyle Lloyd (10577230),Kyle Lloyd,10577230,P,4000,SD@ARI 04/21/2018 08:10PM ET,SD,0
,,,,,,,,,,,SP,Cal Quantrill (10577234),Cal Quantrill,10577234,P,4000,SD@ARI 04/21/2018 08:10PM ET,SD,0
,,,,,,,,,,,RP,Adam Cimber (10577235),Adam Cimber,10577235,P,4000,SD@ARI 04/21/2018 08:10PM ET,SD,5.83
,,,,,,,,,,,SP,Eric Lauer (10577236),Eric Lauer,10577236,P,4000,SD@ARI 04/21/2018 08:10PM ET,SD,0
,,,,,,,,,,,SP,Anderson Espinoza (10577237),Anderson Espinoza,10577237,P,4000,SD@ARI 04/21/2018 08:10PM ET,SD,0
,,,,,,,,,,,SP,Austin Smith (10577238),Austin Smith,10577238,P,4000,SD@ARI 04/21/2018 08:10PM ET,SD,0
,,,,,,,,,,,SP,Logan Allen (10577239),Logan Allen,10577239,P,4000,SD@ARI 04/21/2018 08:10PM ET,SD,0
,,,,,,,,,,,SP,Chris Paddack (10577240),Chris Paddack,10577240,P,4000,SD@ARI 04/21/2018 08:10PM ET,SD,0
,,,,,,,,,,,RP,Phil Maton (10577241),Phil Maton,10577241,P,4000,SD@ARI 04/21/2018 08:10PM ET,SD,4.68
,,,,,,,,,,,SP,Adrian Morejon (10577242),Adrian Morejon,10577242,P,4000,SD@ARI 04/21/2018 08:10PM ET,SD,0
,,,,,,,,,,,SP,Michel Baez (10577243),Michel Baez,10577243,P,4000,SD@ARI 04/21/2018 08:10PM ET,SD,0
,,,,,,,,,,,SP,MacKenzie Gore (10577244),MacKenzie Gore,10577244,P,4000,SD@ARI 04/21/2018 08:10PM ET,SD,0
,,,,,,,,,,,RP,Brad Hand (10577245),Brad Hand,10577245,P,4000,SD@ARI 04/21/2018 08:10PM ET,SD,4.88
,,,,,,,,,,,RP,Jordan Lyles (10577246),Jordan Lyles,10577246,P,4000,SD@ARI 04/21/2018 08:10PM ET,SD,5.14
,,,,,,,,,,,RP,Craig Stammen (10577247),Craig Stammen,10577247,P,4000,SD@ARI 04/21/2018 08:10PM ET,SD,4.84
,,,,,,,,,,,RP,Chris Young (10577248),Chris Young,10577248,P,4000,SD@ARI 04/21/2018 08:10PM ET,SD,0
,,,,,,,,,,,RP,Miguel Diaz (10577249),Miguel Diaz,10577249,P,4000,SD@ARI 04/21/2018 08:10PM ET,SD,0
,,,,,,,,,,,RP,Tyler Webb (10577250),Tyler Webb,10577250,P,4000,SD@ARI 04/21/2018 08:10PM ET,SD,2.25
,,,,,,,,,,,RP,Kirby Yates (10577251),Kirby Yates,10577251,P,4000,SD@ARI 04/21/2018 08:10PM ET,SD,3.41
,,,,,,,,,,,RP,Kazuhisa Makita (10577252),Kazuhisa Makita,10577252,P,4000,SD@ARI 04/21/2018 08:10PM ET,SD,1.51
,,,,,,,,,,,SP,Dillon Overton (10577253),Dillon Overton,10577253,P,4000,SD@ARI 04/21/2018 08:10PM ET,SD,0
,,,,,,,,,,,SP,Alex Young (10577254),Alex Young,10577254,P,4000,SD@ARI 04/21/2018 08:10PM ET,ARI,0
,,,,,,,,,,,RP,Steve Hathaway (10577255),Steve Hathaway,10577255,P,4000,SD@ARI 04/21/2018 08:10PM ET,ARI,0
,,,,,,,,,,,RP,Silvino Bracho (10577256),Silvino Bracho,10577256,P,4000,SD@ARI 04/21/2018 08:10PM ET,ARI,16.35
,,,,,,,,,,,RP,Matt Koch (10577257),Matt Koch,10577257,P,4000,SD@ARI 04/21/2018 08:10PM ET,ARI,13.8
,,,,,,,,,,,SP,Daniel Gibson (10577258),Daniel Gibson,10577258,P,4000,SD@ARI 04/21/2018 08:10PM ET,ARI,0
,,,,,,,,,,,RP,Archie Bradley (10577259),Archie Bradley,10577259,P,4000,SD@ARI 04/21/2018 08:10PM ET,ARI,3.8
,,,,,,,,,,,RP,Andrew Chafin (10577260),Andrew Chafin,10577260,P,4000,SD@ARI 04/21/2018 08:10PM ET,ARI,2.94
,,,,,,,,,,,RP,Tyler Pill (10577261),Tyler Pill,10577261,P,4000,SD@ARI 04/21/2018 08:10PM ET,ARI,0
,,,,,,,,,,,RP,Randall Delgado (10577262),Randall Delgado,10577262,P,4000,SD@ARI 04/21/2018 08:10PM ET,ARI,0
,,,,,,,,,,,RP,Michael Blazek (10577263),Michael Blazek,10577263,P,4000,SD@ARI 04/21/2018 08:10PM ET,ARI,0
,,,,,,,,,,,RP,T.J. McFarland (10577264),T.J. McFarland,10577264,P,4000,SD@ARI 04/21/2018 08:10PM ET,ARI,4.16
,,,,,,,,,,,SP,Jorge De La Rosa (10577265),Jorge De La Rosa,10577265,P,4000,SD@ARI 04/21/2018 08:10PM ET,ARI,1.28
,,,,,,,,,,,RP,Yoshihisa Hirano (10577266),Yoshihisa Hirano,10577266,P,4000,SD@ARI 04/21/2018 08:10PM ET,ARI,2.95
,,,,,,,,,,,RP,Brad Boxberger (10577267),Brad Boxberger,10577267,P,4000,SD@ARI 04/21/2018 08:10PM ET,ARI,2.98
,,,,,,,,,,,RP,Neftali Feliz (10577268),Neftali Feliz,10577268,P,4000,SD@ARI 04/21/2018 08:10PM ET,ARI,0
,,,,,,,,,,,RP,Fernando Salas (10577269),Fernando Salas,10577269,P,4000,SD@ARI 04/21/2018 08:10PM ET,ARI,4.88
,,,,,,,,,,,SP,Jon Duplantier (10577270),Jon Duplantier,10577270,P,4000,SD@ARI 04/21/2018 08:10PM ET,ARI,0
,,,,,,,,,,,OF,Yoenis Cespedes (10576630),Yoenis Cespedes,10576630,OF,4000,NYM@ATL 04/21/2018 07:10PM ET,NYM,7.68
,,,,,,,,,,,2B,Asdrubal Cabrera (10576633),Asdrubal Cabrera,10576633,2B,4000,NYM@ATL 04/21/2018 07:10PM ET,NYM,9.79
,,,,,,,,,,,SP,Lucas Sims (10577215),Lucas Sims,10577215,P,4000,NYM@ATL 04/21/2018 07:10PM ET,ATL,-8.25
,,,,,,,,,,,SP,Kolby Allard (10577226),Kolby Allard,10577226,P,4000,NYM@ATL 04/21/2018 07:10PM ET,ATL,0
,,,,,,,,,,,SP,Kyle Wright (10577271),Kyle Wright,10577271,P,4000,NYM@ATL 04/21/2018 07:10PM ET,ATL,0
,,,,,,,,,,,SP,Mike Soroka (10577272),Mike Soroka,10577272,P,4000,NYM@ATL 04/21/2018 07:10PM ET,ATL,0
,,,,,,,,,,,SP,Ricardo Sanchez (10577273),Ricardo Sanchez,10577273,P,4000,NYM@ATL 04/21/2018 07:10PM ET,ATL,0
,,,,,,,,,,,SP,Bryse Wilson (10577274),Bryse Wilson,10577274,P,4000,NYM@ATL 04/21/2018 07:10PM ET,ATL,0
,,,,,,,,,,,SP,Ian Anderson (10577275),Ian Anderson,10577275,P,4000,NYM@ATL 04/21/2018 07:10PM ET,ATL,0
,,,,,,,,,,,SP,Joey Wentz (10577276),Joey Wentz,10577276,P,4000,NYM@ATL 04/21/2018 07:10PM ET,ATL,0
,,,,,,,,,,,RP,Shane Carle (10577277),Shane Carle,10577277,P,4000,NYM@ATL 04/21/2018 07:10PM ET,ATL,5.74
,,,,,,,,,,,RP,Dan Winkler (10577278),Dan Winkler,10577278,P,4000,NYM@ATL 04/21/2018 07:10PM ET,ATL,4.52
,,,,,,,,,,,SP,Jesse Biddle (10577279),Jesse Biddle,10577279,P,4000,NYM@ATL 04/21/2018 07:10PM ET,ATL,0
,,,,,,,,,,,RP,Jose Ramirez (10577280),Jose Ramirez,10577280,P,4000,NYM@ATL 04/21/2018 07:10PM ET,ATL,-1.02
,,,,,,,,,,,RP,A.J. Minter (10577281),A.J. Minter,10577281,P,4000,NYM@ATL 04/21/2018 07:10PM ET,ATL,3.26
,,,,,,,,,,,RP,Max Fried (10577282),Max Fried,10577282,P,4000,NYM@ATL 04/21/2018 07:10PM ET,ATL,0
,,,,,,,,,,,RP,Jacob Lindgren (10577283),Jacob Lindgren,10577283,P,4000,NYM@ATL 04/21/2018 07:10PM ET,ATL,0
,,,,,,,,,,,RP,Peter Moylan (10577284),Peter Moylan,10577284,P,4000,NYM@ATL 04/21/2018 07:10PM ET,ATL,1.89
,,,,,,,,,,,RP,Josh Ravin (10577285),Josh Ravin,10577285,P,4000,NYM@ATL 04/21/2018 07:10PM ET,ATL,0.88
,,,,,,,,,,,RP,Sam Freeman (10577286),Sam Freeman,10577286,P,4000,NYM@ATL 04/21/2018 07:10PM ET,ATL,2.25
,,,,,,,,,,,RP,Arodys Vizcaino (10577287),Arodys Vizcaino,10577287,P,4000,NYM@ATL 04/21/2018 07:10PM ET,ATL,3.60
,,,,,,,,,,,RP,AJ Ramos (10577288),AJ Ramos,10577288,P,4000,NYM@ATL 04/21/2018 07:10PM ET,NYM,2.34
,,,,,,,,,,,RP,Jeurys Familia (10577289),Jeurys Familia,10577289,P,4000,NYM@ATL 04/21/2018 07:10PM ET,NYM,4.44
,,,,,,,,,,,RP,Anthony Swarzak (10577290),Anthony Swarzak,10577290,P,4000,NYM@ATL 04/21/2018 07:10PM ET,NYM,4.02
,,,,,,,,,,,RP,Jerry Blevins (10577291),Jerry Blevins,10577291,P,4000,NYM@ATL 04/21/2018 07:10PM ET,NYM,0.01
,,,,,,,,,,,RP,Paul Sewald (10577292),Paul Sewald,10577292,P,4000,NYM@ATL 04/21/2018 07:10PM ET,NYM,8.79
,,,,,,,,,,,RP,Gerson Bautista (10577293),Gerson Bautista,10577293,P,4000,NYM@ATL 04/21/2018 07:10PM ET,NYM,0.52
,,,,,,,,,,,SP,Justin Dunn (10577294),Justin Dunn,10577294,P,4000,NYM@ATL 04/21/2018 07:10PM ET,NYM,0
,,,,,,,,,,,SP,Anthony Kay (10577295),Anthony Kay,10577295,P,4000,NYM@ATL 04/21/2018 07:10PM ET,NYM,0
,,,,,,,,,,,SP,David Peterson (10577296),David Peterson,10577296,P,4000,NYM@ATL 04/21/2018 07:10PM ET,NYM,0
,,,,,,,,,,,SP,Thomas Szapucki (10577297),Thomas Szapucki,10577297,P,4000,NYM@ATL 04/21/2018 07:10PM ET,NYM,0
,,,,,,,,,,,SP,Rogelio Armenteros (10577217),Rogelio Armenteros,10577217,P,4000,HOU@CWS 04/21/2018 07:10PM ET,HOU,0
,,,,,,,,,,,SP,Alec Hansen (10577219),Alec Hansen,10577219,P,4000,HOU@CWS 04/21/2018 07:10PM ET,CWS,0
,,,,,,,,,,,SP,Forrest Whitley (10577222),Forrest Whitley,10577222,P,4000,HOU@CWS 04/21/2018 07:10PM ET,HOU,0
,,,,,,,,,,,RP,Xavier Cedeno (10577298),Xavier Cedeno,10577298,P,4000,HOU@CWS 04/21/2018 07:10PM ET,CWS,0
,,,,,,,,,,,RP,Chris Volstad (10577299),Chris Volstad,10577299,P,4000,HOU@CWS 04/21/2018 07:10PM ET,CWS,2.77
,,,,,,,,,,,RP,Joakim Soria (10577300),Joakim Soria,10577300,P,4000,HOU@CWS 04/21/2018 07:10PM ET,CWS,3.25
,,,,,,,,,,,RP,Luis Avilan (10577301),Luis Avilan,10577301,P,4000,HOU@CWS 04/21/2018 07:10PM ET,CWS,1.06
,,,,,,,,,,,RP,Nate Jones (10577302),Nate Jones,10577302,P,4000,HOU@CWS 04/21/2018 07:10PM ET,CWS,5.03
,,,,,,,,,,,RP,Robbie Ross Jr. (10577303),Robbie Ross Jr.,10577303,P,4000,HOU@CWS 04/21/2018 07:10PM ET,CWS,0
,,,,,,,,,,,RP,Danny Farquhar (10577304),Danny Farquhar,10577304,P,4000,HOU@CWS 04/21/2018 07:10PM ET,CWS,3.3
,,,,,,,,,,,RP,Aaron Bummer (10577305),Aaron Bummer,10577305,P,4000,HOU@CWS 04/21/2018 07:10PM ET,CWS,1.58
,,,,,,,,,,,SP,Dylan Covey (10577306),Dylan Covey,10577306,P,4000,HOU@CWS 04/21/2018 07:10PM ET,CWS,0
,,,,,,,,,,,RP,Bruce Rondon (10577307),Bruce Rondon,10577307,P,4000,HOU@CWS 04/21/2018 07:10PM ET,CWS,7.01
,,,,,,,,,,,SP,Dane Dunning (10577308),Dane Dunning,10577308,P,4000,HOU@CWS 04/21/2018 07:10PM ET,CWS,0
,,,,,,,,,,,RP,Tyler Danish (10577309),Tyler Danish,10577309,P,4000,HOU@CWS 04/21/2018 07:10PM ET,CWS,0
,,,,,,,,,,,SP,Ian Clarkin (10577310),Ian Clarkin,10577310,P,4000,HOU@CWS 04/21/2018 07:10PM ET,CWS,0
,,,,,,,,,,,SP,Spencer Adams (10577311),Spencer Adams,10577311,P,4000,HOU@CWS 04/21/2018 07:10PM ET,CWS,0
,,,,,,,,,,,SP,Dylan Cease (10577312),Dylan Cease,10577312,P,4000,HOU@CWS 04/21/2018 07:10PM ET,CWS,0
,,,,,,,,,,,SP,A.J. Puckett (10577313),A.J. Puckett,10577313,P,4000,HOU@CWS 04/21/2018 07:10PM ET,CWS,0
,,,,,,,,,,,SP,Cionel Perez (10577314),Cionel Perez,10577314,P,4000,HOU@CWS 04/21/2018 07:10PM ET,HOU,0
,,,,,,,,,,,SP,Franklin Perez (10577315),Franklin Perez,10577315,P,4000,HOU@CWS 04/21/2018 07:10PM ET,HOU,0
,,,,,,,,,,,SP,J.B. Bukauskas (10577316),J.B. Bukauskas,10577316,P,4000,HOU@CWS 04/21/2018 07:10PM ET,HOU,0
,,,,,,,,,,,RP,Chris Devenski (10577317),Chris Devenski,10577317,P,4000,HOU@CWS 04/21/2018 07:10PM ET,HOU,4.38
,,,,,,,,,,,RP,Brady Rodgers (10577318),Brady Rodgers,10577318,P,4000,HOU@CWS 04/21/2018 07:10PM ET,HOU,0
,,,,,,,,,,,RP,Ken Giles (10577319),Ken Giles,10577319,P,4000,HOU@CWS 04/21/2018 07:10PM ET,HOU,1.41
,,,,,,,,,,,RP,Jandel Gustave (10577320),Jandel Gustave,10577320,P,4000,HOU@CWS 04/21/2018 07:10PM ET,HOU,0
,,,,,,,,,,,RP,Tony Sipp (10577321),Tony Sipp,10577321,P,4000,HOU@CWS 04/21/2018 07:10PM ET,HOU,0.38
,,,,,,,,,,,RP,Hector Rondon (10577322),Hector Rondon,10577322,P,4000,HOU@CWS 04/21/2018 07:10PM ET,HOU,3.89
,,,,,,,,,,,RP,Will Harris (10577323),Will Harris,10577323,P,4000,HOU@CWS 04/21/2018 07:10PM ET,HOU,2.62
,,,,,,,,,,,RP,Joe Smith (10577324),Joe Smith,10577324,P,4000,HOU@CWS 04/21/2018 07:10PM ET,HOU,2.52
,,,,,,,,,,,OF,Dee Gordon (10576634),Dee Gordon,10576634,OF,4000,SEA@TEX 04/21/2018 08:05PM ET,SEA,9.17
,,,,,,,,,,,OF,Mitch Haniger (10576635),Mitch Haniger,10576635,OF,4000,SEA@TEX 04/21/2018 08:05PM ET,SEA,9.33
,,,,,,,,,,,SP,Yovani Gallardo (10577220),Yovani Gallardo,10577220,P,4000,SEA@TEX 04/21/2018 08:05PM ET,TEX,-4.65
,,,,,,,,,,,SP,Edinson Volquez (10577229),Edinson Volquez,10577229,P,4000,SEA@TEX 04/21/2018 08:05PM ET,TEX,0
,,,,,,,,,,,RP,Edwin Diaz (10577325),Edwin Diaz,10577325,P,4000,SEA@TEX 04/21/2018 08:05PM ET,SEA,5.78
,,,,,,,,,,,RP,Nick Rumbelow (10577326),Nick Rumbelow,10577326,P,4000,SEA@TEX 04/21/2018 08:05PM ET,SEA,0
,,,,,,,,,,,RP,Chasen Bradford (10577327),Chasen Bradford,10577327,P,4000,SEA@TEX 04/21/2018 08:05PM ET,SEA,4.61
,,,,,,,,,,,RP,Christian Bergman (10577328),Christian Bergman,10577328,P,4000,SEA@TEX 04/21/2018 08:05PM ET,SEA,0
,,,,,,,,,,,RP,Casey Lawrence (10577329),Casey Lawrence,10577329,P,4000,SEA@TEX 04/21/2018 08:05PM ET,SEA,0.78
,,,,,,,,,,,RP,Tony Zych (10577330),Tony Zych,10577330,P,4000,SEA@TEX 04/21/2018 08:05PM ET,SEA,0
,,,,,,,,,,,RP,James Pazos (10577331),James Pazos,10577331,P,4000,SEA@TEX 04/21/2018 08:05PM ET,SEA,3.32
,,,,,,,,,,,RP,Marc Rzepczynski (10577332),Marc Rzepczynski,10577332,P,4000,SEA@TEX 04/21/2018 08:05PM ET,SEA,0.19
,,,,,,,,,,,RP,Wade LeBlanc (10577333),Wade LeBlanc,10577333,P,4000,SEA@TEX 04/21/2018 08:05PM ET,SEA,2.18
,,,,,,,,,,,RP,Nick Vincent (10577334),Nick Vincent,10577334,P,4000,SEA@TEX 04/21/2018 08:05PM ET,SEA,2.82
,,,,,,,,,,,RP,Ryan Cook (10577335),Ryan Cook,10577335,P,4000,SEA@TEX 04/21/2018 08:05PM ET,SEA,0
,,,,,,,,,,,RP,Juan Nicasio (10577336),Juan Nicasio,10577336,P,4000,SEA@TEX 04/21/2018 08:05PM ET,SEA,2.86
,,,,,,,,,,,RP,David Phelps (10577337),David Phelps,10577337,P,4000,SEA@TEX 04/21/2018 08:05PM ET,SEA,0
,,,,,,,,,,,RP,Dan Altavilla (10577338),Dan Altavilla,10577338,P,4000,SEA@TEX 04/21/2018 08:05PM ET,SEA,3.76
,,,,,,,,,,,RP,Jake Diekman (10577339),Jake Diekman,10577339,P,4000,SEA@TEX 04/21/2018 08:05PM ET,TEX,1.44
,,,,,,,,,,,RP,Kevin Jepsen (10577340),Kevin Jepsen,10577340,P,4000,SEA@TEX 04/21/2018 08:05PM ET,TEX,2.12
,,,,,,,,,,,SP,Paolo Espino (10577341),Paolo Espino,10577341,P,4000,SEA@TEX 04/21/2018 08:05PM ET,TEX,0
,,,,,,,,,,,RP,Austin Bibens-Dirkx (10577342),Austin Bibens-Dirkx,10577342,P,4000,SEA@TEX 04/21/2018 08:05PM ET,TEX,0
,,,,,,,,,,,RP,Tony Barnette (10577343),Tony Barnette,10577343,P,4000,SEA@TEX 04/21/2018 08:05PM ET,TEX,5.4
,,,,,,,,,,,SP,Tim Lincecum (10577344),Tim Lincecum,10577344,P,4000,SEA@TEX 04/21/2018 08:05PM ET,TEX,0
,,,,,,,,,,,RP,Shawn Tolleson (10577345),Shawn Tolleson,10577345,P,4000,SEA@TEX 04/21/2018 08:05PM ET,TEX,0
,,,,,,,,,,,RP,Chris Martin (10577346),Chris Martin,10577346,P,4000,SEA@TEX 04/21/2018 08:05PM ET,TEX,2.58
,,,,,,,,,,,RP,Ricardo Rodriguez (10577347),Ricardo Rodriguez,10577347,P,4000,SEA@TEX 04/21/2018 08:05PM ET,TEX,0
,,,,,,,,,,,RP,Alex Claudio (10577348),Alex Claudio,10577348,P,4000,SEA@TEX 04/21/2018 08:05PM ET,TEX,1.17
,,,,,,,,,,,SP,Connor Sadzeck (10577349),Connor Sadzeck,10577349,P,4000,SEA@TEX 04/21/2018 08:05PM ET,TEX,0
,,,,,,,,,,,RP,Keone Kela (10577350),Keone Kela,10577350,P,4000,SEA@TEX 04/21/2018 08:05PM ET,TEX,3.05
,,,,,,,,,,,RP,Yohander Mendez (10577351),Yohander Mendez,10577351,P,4000,SEA@TEX 04/21/2018 08:05PM ET,TEX,0
,,,,,,,,,,,SP,Adrian Sampson (10577352),Adrian Sampson,10577352,P,4000,SEA@TEX 04/21/2018 08:05PM ET,TEX,0
,,,,,,,,,,,SP,Clayton Blackburn (10577353),Clayton Blackburn,10577353,P,4000,SEA@TEX 04/21/2018 08:05PM ET,TEX,0
,,,,,,,,,,,SP,Chi Chi Gonzalez (10577354),Chi Chi Gonzalez,10577354,P,4000,SEA@TEX 04/21/2018 08:05PM ET,TEX,0
,,,,,,,,,,,SP,Ariel Jurado (10577355),Ariel Jurado,10577355,P,4000,SEA@TEX 04/21/2018 08:05PM ET,TEX,0
,,,,,,,,,,,RP,Ronald Herrera (10577356),Ronald Herrera,10577356,P,4000,SEA@TEX 04/21/2018 08:05PM ET,TEX,0
,,,,,,,,,,,SP,Kyle Cody (10577357),Kyle Cody,10577357,P,4000,SEA@TEX 04/21/2018 08:05PM ET,TEX,0
,,,,,,,,,,,SP,Brett Martin (10577358),Brett Martin,10577358,P,4000,SEA@TEX 04/21/2018 08:05PM ET,TEX,0
,,,,,,,,,,,SP,Hans Crouse (10577359),Hans Crouse,10577359,P,4000,SEA@TEX 04/21/2018 08:05PM ET,TEX,0
,,,,,,,,,,,SP,Cole Ragans (10577360),Cole Ragans,10577360,P,4000,SEA@TEX 04/21/2018 08:05PM ET,TEX,0
,,,,,,,,,,,SP,Alex Speas (10577361),Alex Speas,10577361,P,4000,SEA@TEX 04/21/2018 08:05PM ET,TEX,0
,,,,,,,,,,,OF,Carlos Gonzalez (10576636),Carlos Gonzalez,10576636,OF,4000,CHC@COL 04/21/2018 08:10PM ET,COL,6.6
,,,,,,,,,,,RP,Steve Cishek (10577362),Steve Cishek,10577362,P,4000,CHC@COL 04/21/2018 08:10PM ET,CHC,3.7
,,,,,,,,,,,RP,Justin Wilson (10577363),Justin Wilson,10577363,P,4000,CHC@COL 04/21/2018 08:10PM ET,CHC,3.39
,,,,,,,,,,,RP,Mike Montgomery (10577364),Mike Montgomery,10577364,P,4000,CHC@COL 04/21/2018 08:10PM ET,CHC,0.97
,,,,,,,,,,,RP,Fernando Rodriguez Jr. (10577365),Fernando Rodriguez Jr.,10577365,P,4000,CHC@COL 04/21/2018 08:10PM ET,CHC,0
,,,,,,,,,,,RP,Pedro Strop (10577366),Pedro Strop,10577366,P,4000,CHC@COL 04/21/2018 08:10PM ET,CHC,3.56
,,,,,,,,,,,RP,Brandon Morrow (10577367),Brandon Morrow,10577367,P,4000,CHC@COL 04/21/2018 08:10PM ET,CHC,3.3
,,,,,,,,,,,RP,Brian Duensing (10577368),Brian Duensing,10577368,P,4000,CHC@COL 04/21/2018 08:10PM ET,CHC,3.06
,,,,,,,,,,,SP,Williams Perez (10577369),Williams Perez,10577369,P,4000,CHC@COL 04/21/2018 08:10PM ET,CHC,0
,,,,,,,,,,,SP,Drew Smyly (10577370),Drew Smyly,10577370,P,4000,CHC@COL 04/21/2018 08:10PM ET,CHC,0
,,,,,,,,,,,SP,Duane Underwood Jr. (10577371),Duane Underwood Jr.,10577371,P,4000,CHC@COL 04/21/2018 08:10PM ET,CHC,0
,,,,,,,,,,,SP,Adbert Alzolay (10577372),Adbert Alzolay,10577372,P,4000,CHC@COL 04/21/2018 08:10PM ET,CHC,0
,,,,,,,,,,,SP,Oscar De La Cruz (10577373),Oscar De La Cruz,10577373,P,4000,CHC@COL 04/21/2018 08:10PM ET,CHC,0
,,,,,,,,,,,RP,Carl Edwards Jr. (10577374),Carl Edwards Jr.,10577374,P,4000,CHC@COL 04/21/2018 08:10PM ET,CHC,5.36
,,,,,,,,,,,RP,Luke Farrell (10577375),Luke Farrell,10577375,P,4000,CHC@COL 04/21/2018 08:10PM ET,CHC,0
,,,,,,,,,,,SP,Trevor Clifton (10577376),Trevor Clifton,10577376,P,4000,CHC@COL 04/21/2018 08:10PM ET,CHC,0
,,,,,,,,,,,SP,Thomas Hatch (10577377),Thomas Hatch,10577377,P,4000,CHC@COL 04/21/2018 08:10PM ET,CHC,0
,,,,,,,,,,,SP,Jake Stinnett (10577378),Jake Stinnett,10577378,P,4000,CHC@COL 04/21/2018 08:10PM ET,CHC,0
,,,,,,,,,,,SP,Alex Lange (10577379),Alex Lange,10577379,P,4000,CHC@COL 04/21/2018 08:10PM ET,CHC,0
,,,,,,,,,,,SP,Jose Albertos (10577380),Jose Albertos,10577380,P,4000,CHC@COL 04/21/2018 08:10PM ET,CHC,0
,,,,,,,,,,,SP,Brendon Little (10577381),Brendon Little,10577381,P,4000,CHC@COL 04/21/2018 08:10PM ET,CHC,0
,,,,,,,,,,,RP,Carlos Estevez (10577382),Carlos Estevez,10577382,P,4000,CHC@COL 04/21/2018 08:10PM ET,COL,0
,,,,,,,,,,,RP,Scott Oberg (10577383),Scott Oberg,10577383,P,4000,CHC@COL 04/21/2018 08:10PM ET,COL,4.09
,,,,,,,,,,,RP,Chris Rusin (10577384),Chris Rusin,10577384,P,4000,CHC@COL 04/21/2018 08:10PM ET,COL,2.16
,,,,,,,,,,,RP,Zac Rosscup (10577385),Zac Rosscup,10577385,P,4000,CHC@COL 04/21/2018 08:10PM ET,COL,0
,,,,,,,,,,,RP,Bryan Shaw (10577386),Bryan Shaw,10577386,P,4000,CHC@COL 04/21/2018 08:10PM ET,COL,0.99
,,,,,,,,,,,RP,Rayan Gonzalez (10577387),Rayan Gonzalez,10577387,P,4000,CHC@COL 04/21/2018 08:10PM ET,COL,0
,,,,,,,,,,,RP,Adam Ottavino (10577388),Adam Ottavino,10577388,P,4000,CHC@COL 04/21/2018 08:10PM ET,COL,7.5
,,,,,,,,,,,RP,Jake McGee (10577389),Jake McGee,10577389,P,4000,CHC@COL 04/21/2018 08:10PM ET,COL,2.86
,,,,,,,,,,,RP,Wade Davis (10577390),Wade Davis,10577390,P,4000,CHC@COL 04/21/2018 08:10PM ET,COL,3.46
,,,,,,,,,,,RP,Mike Dunn (10577391),Mike Dunn,10577391,P,4000,CHC@COL 04/21/2018 08:10PM ET,COL,0.19
,,,,,,,,,,,SP,Peter Lambert (10577392),Peter Lambert,10577392,P,4000,CHC@COL 04/21/2018 08:10PM ET,COL,0
,,,,,,,,,,,SP,Mike Nikorak (10577393),Mike Nikorak,10577393,P,4000,CHC@COL 04/21/2018 08:10PM ET,COL,0
,,,,,,,,,,,SP,Riley Pint (10577394),Riley Pint,10577394,P,4000,CHC@COL 04/21/2018 08:10PM ET,COL,0
,,,,,,,,,,,SP,Ryan Castellani (10577395),Ryan Castellani,10577395,P,4000,CHC@COL 04/21/2018 08:10PM ET,COL,0
,,,,,,,,,,,RP,Aaron Wilkerson (10577218),Aaron Wilkerson,10577218,P,4000,MIA@MIL 04/21/2018 07:10PM ET,MIL,0
,,,,,,,,,,,SP,Corbin Burnes (10577231),Corbin Burnes,10577231,P,4000,MIA@MIL 04/21/2018 07:10PM ET,MIL,0
,,,,,,,,,,,SP,Cody Ponce (10577396),Cody Ponce,10577396,P,4000,MIA@MIL 04/21/2018 07:10PM ET,MIL,0
,,,,,,,,,,,SP,Nathan Kirby (10577397),Nathan Kirby,10577397,P,4000,MIA@MIL 04/21/2018 07:10PM ET,MIL,0
,,,,,,,,,,,SP,Luis Ortiz (10577398),Luis Ortiz,10577398,P,4000,MIA@MIL 04/21/2018 07:10PM ET,MIL,0
,,,,,,,,,,,SP,Kodi Medeiros (10577399),Kodi Medeiros,10577399,P,4000,MIA@MIL 04/21/2018 07:10PM ET,MIL,0
,,,,,,,,,,,SP,Marcos Diplan (10577400),Marcos Diplan,10577400,P,4000,MIA@MIL 04/21/2018 07:10PM ET,MIL,0
,,,,,,,,,,,RP,Taylor Williams (10577401),Taylor Williams,10577401,P,4000,MIA@MIL 04/21/2018 07:10PM ET,MIL,5.41
,,,,,,,,,,,RP,Corey Knebel (10577402),Corey Knebel,10577402,P,4000,MIA@MIL 04/21/2018 07:10PM ET,MIL,2.53
,,,,,,,,,,,RP,Boone Logan (10577403),Boone Logan,10577403,P,4000,MIA@MIL 04/21/2018 07:10PM ET,MIL,0
,,,,,,,,,,,RP,Matt Albers (10577404),Matt Albers,10577404,P,4000,MIA@MIL 04/21/2018 07:10PM ET,MIL,4.38
,,,,,,,,,,,RP,Jeremy Jeffress (10577405),Jeremy Jeffress,10577405,P,4000,MIA@MIL 04/21/2018 07:10PM ET,MIL,3.33
,,,,,,,,,,,RP,Dan Jennings (10577406),Dan Jennings,10577406,P,4000,MIA@MIL 04/21/2018 07:10PM ET,MIL,3.33
,,,,,,,,,,,RP,Oliver Drake (10577407),Oliver Drake,10577407,P,4000,MIA@MIL 04/21/2018 07:10PM ET,MIL,3.18
,,,,,,,,,,,SP,Josh Hader (10577408),Josh Hader,10577408,P,4000,MIA@MIL 04/21/2018 07:10PM ET,MIL,9.81
,,,,,,,,,,,SP,Phil Bickford (10577409),Phil Bickford,10577409,P,4000,MIA@MIL 04/21/2018 07:10PM ET,MIL,0
,,,,,,,,,,,RP,Jacob Barnes (10577410),Jacob Barnes,10577410,P,4000,MIA@MIL 04/21/2018 07:10PM ET,MIL,4.58
,,,,,,,,,,,SP,Brett Lilek (10577411),Brett Lilek,10577411,P,4000,MIA@MIL 04/21/2018 07:10PM ET,MIA,0
,,,,,,,,,,,RP,Brian Ellington (10577412),Brian Ellington,10577412,P,4000,MIA@MIL 04/21/2018 07:10PM ET,MIA,0
,,,,,,,,,,,RP,Elieser Hernandez (10577413),Elieser Hernandez,10577413,P,4000,MIA@MIL 04/21/2018 07:10PM ET,MIA,0
,,,,,,,,,,,RP,Drew Rucinski (10577414),Drew Rucinski,10577414,P,4000,MIA@MIL 04/21/2018 07:10PM ET,MIA,0
,,,,,,,,,,,RP,Drew Steckenrider (10577415),Drew Steckenrider,10577415,P,4000,MIA@MIL 04/21/2018 07:10PM ET,MIA,3.72
,,,,,,,,,,,RP,Kyle Barraclough (10577416),Kyle Barraclough,10577416,P,4000,MIA@MIL 04/21/2018 07:10PM ET,MIA,4.96
,,,,,,,,,,,RP,Brett Graves (10577417),Brett Graves,10577417,P,4000,MIA@MIL 04/21/2018 07:10PM ET,MIA,0
,,,,,,,,,,,RP,Nick Wittgren (10577418),Nick Wittgren,10577418,P,4000,MIA@MIL 04/21/2018 07:10PM ET,MIA,0
,,,,,,,,,,,RP,Tayron Guerrero (10577419),Tayron Guerrero,10577419,P,4000,MIA@MIL 04/21/2018 07:10PM ET,MIA,3.76
,,,,,,,,,,,RP,Severino Gonzalez (10577420),Severino Gonzalez,10577420,P,4000,MIA@MIL 04/21/2018 07:10PM ET,MIA,0
,,,,,,,,,,,RP,Brad Ziegler (10577421),Brad Ziegler,10577421,P,4000,MIA@MIL 04/21/2018 07:10PM ET,MIA,0.99
,,,,,,,,,,,RP,Junichi Tazawa (10577422),Junichi Tazawa,10577422,P,4000,MIA@MIL 04/21/2018 07:10PM ET,MIA,2.73
,,,,,,,,,,,SP,Tyler Cloyd (10577423),Tyler Cloyd,10577423,P,4000,MIA@MIL 04/21/2018 07:10PM ET,MIA,0.58
,,,,,,,,,,,SP,Nick Neidert (10577424),Nick Neidert,10577424,P,4000,MIA@MIL 04/21/2018 07:10PM ET,MIA,0
,,,,,,,,,,,RP,Trevor Rogers (10577425),Trevor Rogers,10577425,P,4000,MIA@MIL 04/21/2018 07:10PM ET,MIA,0
,,,,,,,,,,,SP,Braxton Garrett (10577426),Braxton Garrett,10577426,P,4000,MIA@MIL 04/21/2018 07:10PM ET,MIA,0
,,,,,,,,,,,OF,Yasiel Puig (10576628),Yasiel Puig,10576628,OF,4000,WAS@LAD 04/21/2018 09:10PM ET,LAD,6.06
,,,,,,,,,,,1B,Ryan Zimmerman (10576632),Ryan Zimmerman,10576632,1B,4000,WAS@LAD 04/21/2018 09:10PM ET,WAS,5.75
,,,,,,,,,,,RP,Wilmer Font (10577216),Wilmer Font,10577216,P,4000,WAS@LAD 04/21/2018 09:10PM ET,LAD,-0.02
,,,,,,,,,,,SP,Tom Koehler (10577223),Tom Koehler,10577223,P,4000,WAS@LAD 04/21/2018 09:10PM ET,LAD,0
,,,,,,,,,,,SP,Yadier Alvarez (10577224),Yadier Alvarez,10577224,P,4000,WAS@LAD 04/21/2018 09:10PM ET,LAD,0
,,,,,,,,,,,RP,Walker Buehler (10577227),Walker Buehler,10577227,P,4000,WAS@LAD 04/21/2018 09:10PM ET,LAD,0
,,,,,,,,,,,SP,Brock Stewart (10577228),Brock Stewart,10577228,P,4000,WAS@LAD 04/21/2018 09:10PM ET,LAD,0
,,,,,,,,,,,SP,Jeremy Hellickson (10577232),Jeremy Hellickson,10577232,P,4000,WAS@LAD 04/21/2018 09:10PM ET,WAS,7.7
,,,,,,,,,,,RP,Jesen Therrien (10577427),Jesen Therrien,10577427,P,4000,WAS@LAD 04/21/2018 09:10PM ET,LAD,0
,,,,,,,,,,,RP,Adam Liberatore (10577428),Adam Liberatore,10577428,P,4000,WAS@LAD 04/21/2018 09:10PM ET,LAD,4.7
,,,,,,,,,,,RP,Yimi Garcia (10577429),Yimi Garcia,10577429,P,4000,WAS@LAD 04/21/2018 09:10PM ET,LAD,0
,,,,,,,,,,,RP,Scott Alexander (10577430),Scott Alexander,10577430,P,4000,WAS@LAD 04/21/2018 09:10PM ET,LAD,1.04
,,,,,,,,,,,RP,JT Chargois (10577431),JT Chargois,10577431,P,4000,WAS@LAD 04/21/2018 09:10PM ET,LAD,3.18
,,,,,,,,,,,RP,Ross Stripling (10577432),Ross Stripling,10577432,P,4000,WAS@LAD 04/21/2018 09:10PM ET,LAD,4.66
,,,,,,,,,,,RP,Tony Cingrani (10577433),Tony Cingrani,10577433,P,4000,WAS@LAD 04/21/2018 09:10PM ET,LAD,3.71
,,,,,,,,,,,RP,Pedro Baez (10577434),Pedro Baez,10577434,P,4000,WAS@LAD 04/21/2018 09:10PM ET,LAD,4.2
,,,,,,,,,,,RP,Josh Fields (10577435),Josh Fields,10577435,P,4000,WAS@LAD 04/21/2018 09:10PM ET,LAD,4.67
,,,,,,,,,,,RP,Kenley Jansen (10577436),Kenley Jansen,10577436,P,4000,WAS@LAD 04/21/2018 09:10PM ET,LAD,1.49
,,,,,,,,,,,SP,Dustin May (10577437),Dustin May,10577437,P,4000,WAS@LAD 04/21/2018 09:10PM ET,LAD,0
,,,,,,,,,,,SP,Jordan Sheffield (10577438),Jordan Sheffield,10577438,P,4000,WAS@LAD 04/21/2018 09:10PM ET,LAD,0
,,,,,,,,,,,RP,Matt Grace (10577439),Matt Grace,10577439,P,4000,WAS@LAD 04/21/2018 09:10PM ET,WAS,2.54
,,,,,,,,,,,RP,Brandon Kintzler (10577440),Brandon Kintzler,10577440,P,4000,WAS@LAD 04/21/2018 09:10PM ET,WAS,2.21
,,,,,,,,,,,RP,Ryan Madson (10577441),Ryan Madson,10577441,P,4000,WAS@LAD 04/21/2018 09:10PM ET,WAS,1.51
,,,,,,,,,,,RP,Joaquin Benoit (10577442),Joaquin Benoit,10577442,P,4000,WAS@LAD 04/21/2018 09:10PM ET,WAS,0
,,,,,,,,,,,SP,Edwin Jackson (10577443),Edwin Jackson,10577443,P,4000,WAS@LAD 04/21/2018 09:10PM ET,WAS,0
,,,,,,,,,,,SP,Tommy Milone (10577444),Tommy Milone,10577444,P,4000,WAS@LAD 04/21/2018 09:10PM ET,WAS,0
,,,,,,,,,,,RP,Tim Collins (10577445),Tim Collins,10577445,P,4000,WAS@LAD 04/21/2018 09:10PM ET,WAS,0
,,,,,,,,,,,RP,Sean Doolittle (10577446),Sean Doolittle,10577446,P,4000,WAS@LAD 04/21/2018 09:10PM ET,WAS,5.03
,,,,,,,,,,,RP,Shawn Kelley (10577447),Shawn Kelley,10577447,P,4000,WAS@LAD 04/21/2018 09:10PM ET,WAS,3.5
,,,,,,,,,,,RP,Sammy Solis (10577448),Sammy Solis,10577448,P,4000,WAS@LAD 04/21/2018 09:10PM ET,WAS,2.74
,,,,,,,,,,,RP,Aaron Barrett (10577449),Aaron Barrett,10577449,P,4000,WAS@LAD 04/21/2018 09:10PM ET,WAS,0
,,,,,,,,,,,RP,Koda Glover (10577450),Koda Glover,10577450,P,4000,WAS@LAD 04/21/2018 09:10PM ET,WAS,0
,,,,,,,,,,,SP,John Lamb (10577225),John Lamb,10577225,P,4000,SF@LAA 04/21/2018 09:07PM ET,LAA,0
,,,,,,,,,,,RP,Jose Alvarez (10577451),Jose Alvarez,10577451,P,4000,SF@LAA 04/21/2018 09:07PM ET,LAA,3.78
,,,,,,,,,,,RP,Luke Bard (10577452),Luke Bard,10577452,P,4000,SF@LAA 04/21/2018 09:07PM ET,LAA,3.43
,,,,,,,,,,,RP,Jim Johnson (10577453),Jim Johnson,10577453,P,4000,SF@LAA 04/21/2018 09:07PM ET,LAA,3.72
,,,,,,,,,,,RP,Blake Parker (10577454),Blake Parker,10577454,P,4000,SF@LAA 04/21/2018 09:07PM ET,LAA,1.68
,,,,,,,,,,,RP,Blake Wood (10577455),Blake Wood,10577455,P,4000,SF@LAA 04/21/2018 09:07PM ET,LAA,2.98
,,,,,,,,,,,RP,Cam Bedrosian (10577456),Cam Bedrosian,10577456,P,4000,SF@LAA 04/21/2018 09:07PM ET,LAA,1.46
,,,,,,,,,,,RP,Vicente Campos (10577457),Vicente Campos,10577457,P,4000,SF@LAA 04/21/2018 09:07PM ET,LAA,0
,,,,,,,,,,,RP,Noe Ramirez (10577458),Noe Ramirez,10577458,P,4000,SF@LAA 04/21/2018 09:07PM ET,LAA,3.22
,,,,,,,,,,,SP,Chris Rodriguez (10577459),Chris Rodriguez,10577459,P,4000,SF@LAA 04/21/2018 09:07PM ET,LAA,0
,,,,,,,,,,,RP,Keynan Middleton (10577460),Keynan Middleton,10577460,P,4000,SF@LAA 04/21/2018 09:07PM ET,LAA,3.07
,,,,,,,,,,,SP,Griffin Canning (10577461),Griffin Canning,10577461,P,4000,SF@LAA 04/21/2018 09:07PM ET,LAA,0
,,,,,,,,,,,SP,Jordan Johnson (10577462),Jordan Johnson,10577462,P,4000,SF@LAA 04/21/2018 09:07PM ET,SF,0
,,,,,,,,,,,RP,Julian Fernandez (10577463),Julian Fernandez,10577463,P,4000,SF@LAA 04/21/2018 09:07PM ET,SF,0
,,,,,,,,,,,RP,Josh Osich (10577464),Josh Osich,10577464,P,4000,SF@LAA 04/21/2018 09:07PM ET,SF,1.40
,,,,,,,,,,,RP,Reyes Moronta (10577465),Reyes Moronta,10577465,P,4000,SF@LAA 04/21/2018 09:07PM ET,SF,4.31
,,,,,,,,,,,RP,Tony Watson (10577466),Tony Watson,10577466,P,4000,SF@LAA 04/21/2018 09:07PM ET,SF,4.76
,,,,,,,,,,,RP,Sam Dyson (10577467),Sam Dyson,10577467,P,4000,SF@LAA 04/21/2018 09:07PM ET,SF,1.21
,,,,,,,,,,,RP,Mark Melancon (10577468),Mark Melancon,10577468,P,4000,SF@LAA 04/21/2018 09:07PM ET,SF,0
,,,,,,,,,,,RP,Derek Law (10577469),Derek Law,10577469,P,4000,SF@LAA 04/21/2018 09:07PM ET,SF,5.25
,,,,,,,,,,,RP,Pierce Johnson (10577470),Pierce Johnson,10577470,P,4000,SF@LAA 04/21/2018 09:07PM ET,SF,3.71
,,,,,,,,,,,RP,Will Smith (10577471),Will Smith,10577471,P,4000,SF@LAA 04/21/2018 09:07PM ET,SF,0
,,,,,,,,,,,RP,Hunter Strickland (10577472),Hunter Strickland,10577472,P,4000,SF@LAA 04/21/2018 09:07PM ET,SF,3.9
,,,,,,,,,,,RP,Cory Gearrin (10577473),Cory Gearrin,10577473,P,4000,SF@LAA 04/21/2018 09:07PM ET,SF,2.7
,,,,,,,,,,,SP,Garrett Williams (10577474),Garrett Williams,10577474,P,4000,SF@LAA 04/21/2018 09:07PM ET,SF,0
,,,,,,,,,,,3B,Matt Chapman (10576629),Matt Chapman,10576629,3B,4000,BOS@OAK 04/21/2018 09:05PM ET,OAK,9.6
,,,,,,,,,,,SP,Grant Holmes (10577221),Grant Holmes,10577221,P,4000,BOS@OAK 04/21/2018 09:05PM ET,OAK,0
,,,,,,,,,,,SP,Jesus Luzardo (10577233),Jesus Luzardo,10577233,P,4000,BOS@OAK 04/21/2018 09:05PM ET,OAK,0
,,,,,,,,,,,RP,Bobby Poyner (10577475),Bobby Poyner,10577475,P,4000,BOS@OAK 04/21/2018 09:05PM ET,BOS,4.39
,,,,,,,,,,,SP,Darwinzon Hernandez (10577476),Darwinzon Hernandez,10577476,P,4000,BOS@OAK 04/21/2018 09:05PM ET,BOS,0
,,,,,,,,,,,SP,Tanner Houck (10577477),Tanner Houck,10577477,P,4000,BOS@OAK 04/21/2018 09:05PM ET,BOS,0
,,,,,,,,,,,SP,Jake Thompson (10577478),Jake Thompson,10577478,P,4000,BOS@OAK 04/21/2018 09:05PM ET,BOS,0
,,,,,,,,,,,SP,Mike Shawaryn (10577479),Mike Shawaryn,10577479,P,4000,BOS@OAK 04/21/2018 09:05PM ET,BOS,0
,,,,,,,,,,,SP,Jason Groome (10577480),Jason Groome,10577480,P,4000,BOS@OAK 04/21/2018 09:05PM ET,BOS,0
,,,,,,,,,,,SP,Bryan Mata (10577481),Bryan Mata,10577481,P,4000,BOS@OAK 04/21/2018 09:05PM ET,BOS,0
,,,,,,,,,,,SP,Travis Lakins (10577482),Travis Lakins,10577482,P,4000,BOS@OAK 04/21/2018 09:05PM ET,BOS,0
,,,,,,,,,,,SP,Roniel Raudes (10577483),Roniel Raudes,10577483,P,4000,BOS@OAK 04/21/2018 09:05PM ET,BOS,0
,,,,,,,,,,,RP,Tyler Thornburg (10577484),Tyler Thornburg,10577484,P,4000,BOS@OAK 04/21/2018 09:05PM ET,BOS,0
,,,,,,,,,,,RP,Heath Hembree (10577485),Heath Hembree,10577485,P,4000,BOS@OAK 04/21/2018 09:05PM ET,BOS,5.34
,,,,,,,,,,,RP,Austin Maddox (10577486),Austin Maddox,10577486,P,4000,BOS@OAK 04/21/2018 09:05PM ET,BOS,0
,,,,,,,,,,,RP,Matt Barnes (10577487),Matt Barnes,10577487,P,4000,BOS@OAK 04/21/2018 09:05PM ET,BOS,3.32
,,,,,,,,,,,RP,Justin Haley (10577488),Justin Haley,10577488,P,4000,BOS@OAK 04/21/2018 09:05PM ET,BOS,0
,,,,,,,,,,,RP,Carson Smith (10577489),Carson Smith,10577489,P,4000,BOS@OAK 04/21/2018 09:05PM ET,BOS,2.55
,,,,,,,,,,,SP,Ty Buttrey (10577490),Ty Buttrey,10577490,P,4000,BOS@OAK 04/21/2018 09:05PM ET,BOS,0
,,,,,,,,,,,RP,Joe Kelly (10577491),Joe Kelly,10577491,P,4000,BOS@OAK 04/21/2018 09:05PM ET,BOS,2.61
,,,,,,,,,,,RP,Marcus Walden (10577492),Marcus Walden,10577492,P,4000,BOS@OAK 04/21/2018 09:05PM ET,BOS,3.85
,,,,,,,,,,,RP,Craig Kimbrel (10577493),Craig Kimbrel,10577493,P,4000,BOS@OAK 04/21/2018 09:05PM ET,BOS,4.3
,,,,,,,,,,,RP,Ryan Dull (10577494),Ryan Dull,10577494,P,4000,BOS@OAK 04/21/2018 09:05PM ET,OAK,5.65
,,,,,,,,,,,RP,Blake Treinen (10577495),Blake Treinen,10577495,P,4000,BOS@OAK 04/21/2018 09:05PM ET,OAK,5.81
,,,,,,,,,,,SP,Raul Alcantara (10577496),Raul Alcantara,10577496,P,4000,BOS@OAK 04/21/2018 09:05PM ET,OAK,0
,,,,,,,,,,,RP,Liam Hendriks (10577497),Liam Hendriks,10577497,P,4000,BOS@OAK 04/21/2018 09:05PM ET,OAK,-0.54
,,,,,,,,,,,RP,Danny Coulombe (10577498),Danny Coulombe,10577498,P,4000,BOS@OAK 04/21/2018 09:05PM ET,OAK,1.62
,,,,,,,,,,,RP,Chris Hatcher (10577499),Chris Hatcher,10577499,P,4000,BOS@OAK 04/21/2018 09:05PM ET,OAK,0.99
,,,,,,,,,,,SP,Trevor Cahill (10577500),Trevor Cahill,10577500,P,4000,BOS@OAK 04/21/2018 09:05PM ET,OAK,31.55
,,,,,,,,,,,SP,Brett Anderson (10577501),Brett Anderson,10577501,P,4000,BOS@OAK 04/21/2018 09:05PM ET,OAK,0
,,,,,,,,,,,RP,Ryan Buchter (10577502),Ryan Buchter,10577502,P,4000,BOS@OAK 04/21/2018 09:05PM ET,OAK,2.52
,,,,,,,,,,,RP,Chris Smith (10577503),Chris Smith,10577503,P,4000,BOS@OAK 04/21/2018 09:05PM ET,OAK,0
,,,,,,,,,,,RP,Santiago Casilla (10577504),Santiago Casilla,10577504,P,4000,BOS@OAK 04/21/2018 09:05PM ET,OAK,5.64
,,,,,,,,,,,RP,Yusmeiro Petit (10577505),Yusmeiro Petit,10577505,P,4000,BOS@OAK 04/21/2018 09:05PM ET,OAK,2.52
,,,,,,,,,,,SP,Norge Ruiz (10577506),Norge Ruiz,10577506,P,4000,BOS@OAK 04/21/2018 09:05PM ET,OAK,0
,,,,,,,,,,,RP,Emilio Pagan (10577507),Emilio Pagan,10577507,P,4000,BOS@OAK 04/21/2018 09:05PM ET,OAK,0.80
,,,,,,,,,,,SP,Dakota Chalmers (10577508),Dakota Chalmers,10577508,P,4000,BOS@OAK 04/21/2018 09:05PM ET,OAK,0
,,,,,,,,,,,OF,Manuel Margot (10576640),Manuel Margot,10576640,OF,3900,SD@ARI 04/21/2018 08:10PM ET,SD,5.82
,,,,,,,,,,,OF,Jay Bruce (10576642),Jay Bruce,10576642,OF,3900,NYM@ATL 04/21/2018 07:10PM ET,NYM,5.26
,,,,,,,,,,,SS,Tim Anderson (10576639),Tim Anderson,10576639,SS,3900,HOU@CWS 04/21/2018 07:10PM ET,CWS,9.19
,,,,,,,,,,,2B/OF,Ben Zobrist (10576644),Ben Zobrist,10576644,2B/OF,3900,CHC@COL 04/21/2018 08:10PM ET,CHC,7.23
,,,,,,,,,,,3B,Justin Turner (10576641),Justin Turner,10576641,3B,3900,WAS@LAD 04/21/2018 09:10PM ET,LAD,0
,,,,,,,,,,,1B,Matt Olson (10576637),Matt Olson,10576637,1B,3900,BOS@OAK 04/21/2018 09:05PM ET,OAK,7.8
,,,,,,,,,,,3B,Rafael Devers (10576643),Rafael Devers,10576643,3B,3900,BOS@OAK 04/21/2018 09:05PM ET,BOS,9.06
,,,,,,,,,,,3B,Christian Villanueva (10576651),Christian Villanueva,10576651,3B,3800,SD@ARI 04/21/2018 08:10PM ET,SD,10.24
,,,,,,,,,,,3B,Jake Lamb (10576654),Jake Lamb,10576654,3B,3800,SD@ARI 04/21/2018 08:10PM ET,ARI,8.75
,,,,,,,,,,,SS,Addison Russell (10576653),Addison Russell,10576653,SS,3800,CHC@COL 04/21/2018 08:10PM ET,CHC,5.71
,,,,,,,,,,,1B,Albert Pujols (10576650),Albert Pujols,10576650,1B,3800,SF@LAA 04/21/2018 09:07PM ET,LAA,7
,,,,,,,,,,,2B,Jed Lowrie (10576638),Jed Lowrie,10576638,2B,3800,BOS@OAK 04/21/2018 09:05PM ET,OAK,11.6
,,,,,,,,,,,2B/SS,Eduardo Nunez (10576648),Eduardo Nunez,10576648,2B/SS,3800,BOS@OAK 04/21/2018 09:05PM ET,BOS,7.75
,,,,,,,,,,,OF,Jose Pirela (10576658),Jose Pirela,10576658,OF,3700,SD@ARI 04/21/2018 08:10PM ET,SD,7.62
,,,,,,,,,,,2B,Yoan Moncada (10576652),Yoan Moncada,10576652,2B,3700,HOU@CWS 04/21/2018 07:10PM ET,CWS,9.44
,,,,,,,,,,,C,Brian McCann (10576657),Brian McCann,10576657,C,3700,HOU@CWS 04/21/2018 07:10PM ET,HOU,7.77
,,,,,,,,,,,3B,Matt Davidson (10576660),Matt Davidson,10576660,3B,3700,HOU@CWS 04/21/2018 07:10PM ET,CWS,9.71
,,,,,,,,,,,1B/OF,Joey Gallo (10576646),Joey Gallo,10576646,1B/OF,3700,SEA@TEX 04/21/2018 08:05PM ET,TEX,7.67
,,,,,,,,,,,SS,Jean Segura (10576659),Jean Segura,10576659,SS,3700,SEA@TEX 04/21/2018 08:05PM ET,SEA,8.78
,,,,,,,,,,,OF,Matt Kemp (10576656),Matt Kemp,10576656,OF,3700,WAS@LAD 04/21/2018 09:10PM ET,LAD,7.06
,,,,,,,,,,,OF,Hunter Renfroe (10576661),Hunter Renfroe,10576661,OF,3600,SD@ARI 04/21/2018 08:10PM ET,SD,6.18
,,,,,,,,,,,C,Evan Gattis (10576655),Evan Gattis,10576655,C,3600,HOU@CWS 04/21/2018 07:10PM ET,HOU,4.68
,,,,,,,,,,,3B,Kyle Seager (10576664),Kyle Seager,10576664,3B,3600,SEA@TEX 04/21/2018 08:05PM ET,SEA,6.89
,,,,,,,,,,,2B,Starlin Castro (10576662),Starlin Castro,10576662,2B,3600,MIA@MIL 04/21/2018 07:10PM ET,MIA,6.42
,,,,,,,,,,,SS,Andrelton Simmons (10576663),Andrelton Simmons,10576663,SS,3600,SF@LAA 04/21/2018 09:07PM ET,LAA,7.65
,,,,,,,,,,,1B,Brandon Belt (10576666),Brandon Belt,10576666,1B,3600,SF@LAA 04/21/2018 09:07PM ET,SF,7.4
,,,,,,,,,,,2B/SS,Ketel Marte (10576670),Ketel Marte,10576670,2B/SS,3500,SD@ARI 04/21/2018 08:10PM ET,ARI,6.16
,,,,,,,,,,,C,Chris Iannetta (10576668),Chris Iannetta,10576668,C,3500,CHC@COL 04/21/2018 08:10PM ET,COL,6.62
,,,,,,,,,,,2B,Jonathan Villar (10576672),Jonathan Villar,10576672,2B,3500,MIA@MIL 04/21/2018 07:10PM ET,MIL,5.47
,,,,,,,,,,,OF,Chris Taylor (10576665),Chris Taylor,10576665,OF,3500,WAS@LAD 04/21/2018 09:10PM ET,LAD,7.83
,,,,,,,,,,,OF,Andrew McCutchen (10576669),Andrew McCutchen,10576669,OF,3500,SF@LAA 04/21/2018 09:07PM ET,SF,7.68
,,,,,,,,,,,1B/3B,Luis Valbuena (10576682),Luis Valbuena,10576682,1B/3B,3500,SF@LAA 04/21/2018 09:07PM ET,LAA,5.8
,,,,,,,,,,,OF,Franchy Cordero (10576677),Franchy Cordero,10576677,OF,3400,SD@ARI 04/21/2018 08:10PM ET,SD,8.22
,,,,,,,,,,,OF,Steven Souza Jr. (10576678),Steven Souza Jr.,10576678,OF,3400,SD@ARI 04/21/2018 08:10PM ET,ARI,0
,,,,,,,,,,,3B/OF,Jose Bautista (10576673),Jose Bautista,10576673,3B/OF,3400,NYM@ATL 04/21/2018 07:10PM ET,ATL,0
,,,,,,,,,,,OF,Ronald Acuna Jr. (10576681),Ronald Acuna Jr.,10576681,OF,3400,NYM@ATL 04/21/2018 07:10PM ET,ATL,0
,,,,,,,,,,,1B,Adrian Gonzalez (10576686),Adrian Gonzalez,10576686,1B,3400,NYM@ATL 04/21/2018 07:10PM ET,NYM,6.47
,,,,,,,,,,,OF,Shin-soo Choo (10576679),Shin-soo Choo,10576679,OF,3400,SEA@TEX 04/21/2018 08:05PM ET,TEX,8.35
,,,,,,,,,,,C,J.T. Realmuto (10576667),J.T. Realmuto,10576667,C,3400,MIA@MIL 04/21/2018 07:10PM ET,MIA,10
,,,,,,,,,,,2B/OF,Howie Kendrick (10576675),Howie Kendrick,10576675,2B/OF,3400,WAS@LAD 04/21/2018 09:10PM ET,WAS,6.76
,,,,,,,,,,,OF,Jackie Bradley Jr. (10576680),Jackie Bradley Jr.,10576680,OF,3400,BOS@OAK 04/21/2018 09:05PM ET,BOS,7.53
,,,,,,,,,,,OF,Yasmany Tomas (10576689),Yasmany Tomas,10576689,OF,3300,SD@ARI 04/21/2018 08:10PM ET,ARI,0
,,,,,,,,,,,OF,Ender Inciarte (10576685),Ender Inciarte,10576685,OF,3300,NYM@ATL 04/21/2018 07:10PM ET,ATL,7.11
,,,,,,,,,,,2B/3B,Wilmer Flores (10576687),Wilmer Flores,10576687,2B/3B,3300,NYM@ATL 04/21/2018 07:10PM ET,NYM,4.12
,,,,,,,,,,,SS,Elvis Andrus (10576690),Elvis Andrus,10576690,SS,3300,SEA@TEX 04/21/2018 08:05PM ET,TEX,8.07
,,,,,,,,,,,3B,Adrian Beltre (10576691),Adrian Beltre,10576691,3B,3300,SEA@TEX 04/21/2018 08:05PM ET,TEX,6.1
,,,,,,,,,,,3B,Brian Anderson (10576692),Brian Anderson,10576692,3B,3300,MIA@MIL 04/21/2018 07:10PM ET,MIA,6.90
,,,,,,,,,,,C,Yasmani Grandal (10576684),Yasmani Grandal,10576684,C,3300,WAS@LAD 04/21/2018 09:10PM ET,LAD,10.2
,,,,,,,,,,,1B,Mitch Moreland (10576701),Mitch Moreland,10576701,1B,3300,BOS@OAK 04/21/2018 09:05PM ET,BOS,7.27
,,,,,,,,,,,2B/OF,Chris Owings (10576697),Chris Owings,10576697,2B/OF,3200,SD@ARI 04/21/2018 08:10PM ET,ARI,5.88
,,,,,,,,,,,SS,Freddy Galvis (10576700),Freddy Galvis,10576700,SS,3200,SD@ARI 04/21/2018 08:10PM ET,SD,5.76
,,,,,,,,,,,OF,Nicky Delmonico (10576699),Nicky Delmonico,10576699,OF,3200,HOU@CWS 04/21/2018 07:10PM ET,CWS,5.53
,,,,,,,,,,,3B,Yolmer Sanchez (10576713),Yolmer Sanchez,10576713,3B,3200,HOU@CWS 04/21/2018 07:10PM ET,CWS,6.5
,,,,,,,,,,,OF,Nomar Mazara (10576694),Nomar Mazara,10576694,OF,3200,SEA@TEX 04/21/2018 08:05PM ET,TEX,6.2
,,,,,,,,,,,C,Mike Zunino (10576702),Mike Zunino,10576702,C,3200,SEA@TEX 04/21/2018 08:05PM ET,SEA,0
,,,,,,,,,,,OF,Gerardo Parra (10576705),Gerardo Parra,10576705,OF,3200,CHC@COL 04/21/2018 08:10PM ET,COL,4.6
,,,,,,,,,,,2B/OF,Hernan Perez (10576703),Hernan Perez,10576703,2B/OF,3200,MIA@MIL 04/21/2018 07:10PM ET,MIL,3.59
,,,,,,,,,,,OF,Brian Goodwin (10576695),Brian Goodwin,10576695,OF,3200,WAS@LAD 04/21/2018 09:10PM ET,WAS,5.31
,,,,,,,,,,,2B,Joe Panik (10576693),Joe Panik,10576693,2B,3200,SF@LAA 04/21/2018 09:07PM ET,SF,7.06
,,,,,,,,,,,1B,Jefry Marte (10576696),Jefry Marte,10576696,1B,3200,SF@LAA 04/21/2018 09:07PM ET,LAA,5.07
,,,,,,,,,,,SS,Dansby Swanson (10576709),Dansby Swanson,10576709,SS,3100,NYM@ATL 04/21/2018 07:10PM ET,ATL,9.44
,,,,,,,,,,,OF,Nick Markakis (10576711),Nick Markakis,10576711,OF,3100,NYM@ATL 04/21/2018 07:10PM ET,ATL,8.21
,,,,,,,,,,,OF,Brandon Nimmo (10576714),Brandon Nimmo,10576714,OF,3100,NYM@ATL 04/21/2018 07:10PM ET,NYM,6.23
,,,,,,,,,,,C,Welington Castillo (10576712),Welington Castillo,10576712,C,3100,HOU@CWS 04/21/2018 07:10PM ET,CWS,5.75
,,,,,,,,,,,1B/OF,Marwin Gonzalez (10576717),Marwin Gonzalez,10576717,1B/OF,3100,HOU@CWS 04/21/2018 07:10PM ET,HOU,4.65
,,,,,,,,,,,1B,Daniel Vogelbach (10576723),Daniel Vogelbach,10576723,1B,3100,SEA@TEX 04/21/2018 08:05PM ET,SEA,5.21
,,,,,,,,,,,1B,Jesus Aguilar (10576715),Jesus Aguilar,10576715,1B,3100,MIA@MIL 04/21/2018 07:10PM ET,MIL,4.5
,,,,,,,,,,,C,Manny Pina (10576716),Manny Pina,10576716,C,3100,MIA@MIL 04/21/2018 07:10PM ET,MIL,5.2
,,,,,,,,,,,1B,Justin Bour (10576719),Justin Bour,10576719,1B,3100,MIA@MIL 04/21/2018 07:10PM ET,MIA,6.42
,,,,,,,,,,,OF,Domingo Santana (10576722),Domingo Santana,10576722,OF,3100,MIA@MIL 04/21/2018 07:10PM ET,MIL,4.32
,,,,,,,,,,,1B/2B,Kike Hernandez (10576706),Kike Hernandez,10576706,1B/2B,3100,WAS@LAD 04/21/2018 09:10PM ET,LAD,4.94
,,,,,,,,,,,3B,Evan Longoria (10576720),Evan Longoria,10576720,3B,3100,SF@LAA 04/21/2018 09:07PM ET,SF,6.65
,,,,,,,,,,,OF,Kole Calhoun (10576721),Kole Calhoun,10576721,OF,3100,SF@LAA 04/21/2018 09:07PM ET,LAA,5.58
,,,,,,,,,,,OF,Matt Joyce (10576708),Matt Joyce,10576708,OF,3100,BOS@OAK 04/21/2018 09:05PM ET,OAK,6.25
,,,,,,,,,,,SS,Marcus Semien (10576710),Marcus Semien,10576710,SS,3100,BOS@OAK 04/21/2018 09:05PM ET,OAK,7.55
,,,,,,,,,,,3B/OF,Cory Spangenberg (10576737),Cory Spangenberg,10576737,3B/OF,3000,SD@ARI 04/21/2018 08:10PM ET,SD,4.28
,,,,,,,,,,,2B/3B,Daniel Descalso (10576754),Daniel Descalso,10576754,2B/3B,3000,SD@ARI 04/21/2018 08:10PM ET,ARI,4.39
,,,,,,,,,,,OF,Cesar Puello (10576760),Cesar Puello,10576760,OF,3000,SD@ARI 04/21/2018 08:10PM ET,ARI,0
,,,,,,,,,,,2B,Luis Urias (10576761),Luis Urias,10576761,2B,3000,SD@ARI 04/21/2018 08:10PM ET,SD,0
,,,,,,,,,,,SS,Amed Rosario (10576746),Amed Rosario,10576746,SS,3000,NYM@ATL 04/21/2018 07:10PM ET,NYM,5.78
,,,,,,,,,,,1B,Dominic Smith (10576748),Dominic Smith,10576748,1B,3000,NYM@ATL 04/21/2018 07:10PM ET,NYM,0
,,,,,,,,,,,C,Kurt Suzuki (10576757),Kurt Suzuki,10576757,C,3000,NYM@ATL 04/21/2018 07:10PM ET,ATL,8.07
,,,,,,,,,,,OF,Avisail Garcia (10576724),Avisail Garcia,10576724,OF,3000,HOU@CWS 04/21/2018 07:10PM ET,CWS,5
,,,,,,,,,,,C,Max Stassi (10576747),Max Stassi,10576747,C,3000,HOU@CWS 04/21/2018 07:10PM ET,HOU,7.18
,,,,,,,,,,,OF,Delino DeShields (10576736),Delino DeShields,10576736,OF,3000,SEA@TEX 04/21/2018 08:05PM ET,TEX,3.5
,,,,,,,,,,,2B,Rougned Odor (10576743),Rougned Odor,10576743,2B,3000,SEA@TEX 04/21/2018 08:05PM ET,TEX,4.46
,,,,,,,,,,,2B/OF,Willie Calhoun (10576744),Willie Calhoun,10576744,2B/OF,3000,SEA@TEX 04/21/2018 08:05PM ET,TEX,0
,,,,,,,,,,,1B,Ryon Healy (10576750),Ryon Healy,10576750,1B,3000,SEA@TEX 04/21/2018 08:05PM ET,SEA,3.33
,,,,,,,,,,,OF,Ben Gamel (10576751),Ben Gamel,10576751,OF,3000,SEA@TEX 04/21/2018 08:05PM ET,SEA,3
,,,,,,,,,,,OF,David Dahl (10576756),David Dahl,10576756,OF,3000,CHC@COL 04/21/2018 08:10PM ET,COL,0
,,,,,,,,,,,1B,Ryan McMahon (10576758),Ryan McMahon,10576758,1B,3000,CHC@COL 04/21/2018 08:10PM ET,COL,2
,,,,,,,,,,,OF,Jason Heyward (10576759),Jason Heyward,10576759,OF,3000,CHC@COL 04/21/2018 08:10PM ET,CHC,7.47
,,,,,,,,,,,OF,Albert Almora Jr. (10576762),Albert Almora Jr.,10576762,OF,3000,CHC@COL 04/21/2018 08:10PM ET,CHC,6.93
,,,,,,,,,,,OF,Keon Broxton (10576749),Keon Broxton,10576749,OF,3000,MIA@MIL 04/21/2018 07:10PM ET,MIL,0
,,,,,,,,,,,SS,Orlando Arcia (10576752),Orlando Arcia,10576752,SS,3000,MIA@MIL 04/21/2018 07:10PM ET,MIL,4.65
,,,,,,,,,,,2B/C,Austin Barnes (10576726),Austin Barnes,10576726,C/2B,3000,WAS@LAD 04/21/2018 09:10PM ET,LAD,2.5
,,,,,,,,,,,OF,Joc Pederson (10576728),Joc Pederson,10576728,OF,3000,WAS@LAD 04/21/2018 09:10PM ET,LAD,3.6
,,,,,,,,,,,1B,Matt Adams (10576730),Matt Adams,10576730,1B,3000,WAS@LAD 04/21/2018 09:10PM ET,WAS,4.71
,,,,,,,,,,,2B/3B,Logan Forsythe (10576731),Logan Forsythe,10576731,2B/3B,3000,WAS@LAD 04/21/2018 09:10PM ET,LAD,4.42
,,,,,,,,,,,OF,Michael A. Taylor (10576735),Michael A. Taylor,10576735,OF,3000,WAS@LAD 04/21/2018 09:10PM ET,WAS,5.8
,,,,,,,,,,,1B/3B,Mark Reynolds (10576741),Mark Reynolds,10576741,1B/3B,3000,WAS@LAD 04/21/2018 09:10PM ET,WAS,0
,,,,,,,,,,,OF,Victor Robles (10576753),Victor Robles,10576753,OF,3000,WAS@LAD 04/21/2018 09:10PM ET,WAS,0
,,,,,,,,,,,OF,Stephen Piscotty (10576725),Stephen Piscotty,10576725,OF,3000,BOS@OAK 04/21/2018 09:05PM ET,OAK,6.79
,,,,,,,,,,,C,Jonathan Lucroy (10576729),Jonathan Lucroy,10576729,C,3000,BOS@OAK 04/21/2018 09:05PM ET,OAK,5.56
,,,,,,,,,,,2B/SS,Chad Pinder (10576733),Chad Pinder,10576733,2B/SS,3000,BOS@OAK 04/21/2018 09:05PM ET,OAK,5.71
,,,,,,,,,,,C,Christian Vazquez (10576739),Christian Vazquez,10576739,C,3000,BOS@OAK 04/21/2018 09:05PM ET,BOS,4.36
,,,,,,,,,,,2B,Dustin Pedroia (10576740),Dustin Pedroia,10576740,2B,3000,BOS@OAK 04/21/2018 09:05PM ET,BOS,0
,,,,,,,,,,,SS,Nick Ahmed (10576772),Nick Ahmed,10576772,SS,2900,SD@ARI 04/21/2018 08:10PM ET,ARI,6.5
,,,,,,,,,,,2B,Carlos Asuaje (10576778),Carlos Asuaje,10576778,2B,2900,SD@ARI 04/21/2018 08:10PM ET,SD,4.76
,,,,,,,,,,,C,Alex Avila (10576779),Alex Avila,10576779,C,2900,SD@ARI 04/21/2018 08:10PM ET,ARI,3.25
,,,,,,,,,,,C,Austin Hedges (10576781),Austin Hedges,10576781,C,2900,SD@ARI 04/21/2018 08:10PM ET,SD,4
,,,,,,,,,,,3B,Chase Headley (10576791),Chase Headley,10576791,3B,2900,SD@ARI 04/21/2018 08:10PM ET,SD,1.86
,,,,,,,,,,,3B,Ryan Flaherty (10576765),Ryan Flaherty,10576765,3B,2900,NYM@ATL 04/21/2018 07:10PM ET,ATL,8.76
,,,,,,,,,,,OF,Juan Lagares (10576790),Juan Lagares,10576790,OF,2900,NYM@ATL 04/21/2018 07:10PM ET,NYM,4.64
,,,,,,,,,,,OF,Preston Tucker (10576792),Preston Tucker,10576792,OF,2900,NYM@ATL 04/21/2018 07:10PM ET,ATL,7.21
,,,,,,,,,,,OF,Derek Fisher (10576766),Derek Fisher,10576766,OF,2900,HOU@CWS 04/21/2018 07:10PM ET,HOU,3.39
,,,,,,,,,,,OF,Adam Engel (10576773),Adam Engel,10576773,OF,2900,HOU@CWS 04/21/2018 07:10PM ET,CWS,3.33
,,,,,,,,,,,1B,J.D. Davis (10576793),J.D. Davis,10576793,1B,2900,HOU@CWS 04/21/2018 07:10PM ET,HOU,3.33
,,,,,,,,,,,C,Robinson Chirinos (10576763),Robinson Chirinos,10576763,C,2900,SEA@TEX 04/21/2018 08:05PM ET,TEX,4.88
,,,,,,,,,,,2B/SS,Jurickson Profar (10576782),Jurickson Profar,10576782,2B/SS,2900,SEA@TEX 04/21/2018 08:05PM ET,TEX,4.27
,,,,,,,,,,,1B,Ronald Guzman (10576789),Ronald Guzman,10576789,1B,2900,SEA@TEX 04/21/2018 08:05PM ET,TEX,7.33
,,,,,,,,,,,SS,Pat Valaika (10576795),Pat Valaika,10576795,SS,2900,CHC@COL 04/21/2018 08:10PM ET,COL,1.06
,,,,,,,,,,,OF,Cameron Maybin (10576774),Cameron Maybin,10576774,OF,2900,MIA@MIL 04/21/2018 07:10PM ET,MIA,4
,,,,,,,,,,,OF,Derek Dietrich (10576775),Derek Dietrich,10576775,OF,2900,MIA@MIL 04/21/2018 07:10PM ET,MIA,6.32
,,,,,,,,,,,C,Jett Bandy (10576780),Jett Bandy,10576780,C,2900,MIA@MIL 04/21/2018 07:10PM ET,MIL,4.58
,,,,,,,,,,,C,Matt Wieters (10576767),Matt Wieters,10576767,C,2900,WAS@LAD 04/21/2018 09:10PM ET,WAS,6.88
,,,,,,,,,,,1B/OF,Max Muncy (10576768),Max Muncy,10576768,1B/OF,2900,WAS@LAD 04/21/2018 09:10PM ET,LAD,7.67
,,,,,,,,,,,2B/3B,Wilmer Difo (10576776),Wilmer Difo,10576776,2B/3B,2900,WAS@LAD 04/21/2018 09:10PM ET,WAS,4.5
,,,,,,,,,,,3B,Pablo Sandoval (10576784),Pablo Sandoval,10576784,3B,2900,SF@LAA 04/21/2018 09:07PM ET,SF,2.69
,,,,,,,,,,,SS,Brandon Crawford (10576785),Brandon Crawford,10576785,SS,2900,SF@LAA 04/21/2018 09:07PM ET,SF,4.29
,,,,,,,,,,,1B,Chris Shaw (10576794),Chris Shaw,10576794,1B,2900,SF@LAA 04/21/2018 09:07PM ET,SF,0
,,,,,,,,,,,SS,Franklin Barreto (10576764),Franklin Barreto,10576764,SS,2900,BOS@OAK 04/21/2018 09:05PM ET,OAK,0
,,,,,,,,,,,2B/SS,Brock Holt (10576770),Brock Holt,10576770,2B/SS,2900,BOS@OAK 04/21/2018 09:05PM ET,BOS,5.67
,,,,,,,,,,,3B/SS,Tzu-Wei Lin (10576786),Tzu-Wei Lin,10576786,3B/SS,2900,BOS@OAK 04/21/2018 09:05PM ET,BOS,4.86
,,,,,,,,,,,OF,Dustin Fowler (10576788),Dustin Fowler,10576788,OF,2900,BOS@OAK 04/21/2018 09:05PM ET,OAK,0
,,,,,,,,,,,OF,Alex Dickerson (10576802),Alex Dickerson,10576802,OF,2800,SD@ARI 04/21/2018 08:10PM ET,SD,0
,,,,,,,,,,,OF,Daniel Robertson (10576803),Daniel Robertson,10576803,OF,2800,SD@ARI 04/21/2018 08:10PM ET,ARI,0
,,,,,,,,,,,OF,Travis Jankowski (10576806),Travis Jankowski,10576806,OF,2800,SD@ARI 04/21/2018 08:10PM ET,SD,0
,,,,,,,,,,,C,Travis d'Arnaud (10576797),Travis d'Arnaud,10576797,C,2800,NYM@ATL 04/21/2018 07:10PM ET,NYM,6.5
,,,,,,,,,,,OF,Lane Adams (10576798),Lane Adams,10576798,OF,2800,NYM@ATL 04/21/2018 07:10PM ET,ATL,3
,,,,,,,,,,,2B/3B,T.J. Rivera (10576799),T.J. Rivera,10576799,2B/3B,2800,NYM@ATL 04/21/2018 07:10PM ET,NYM,0
,,,,,,,,,,,C,Kevin Plawecki (10576804),Kevin Plawecki,10576804,C,2800,NYM@ATL 04/21/2018 07:10PM ET,NYM,5.57
,,,,,,,,,,,C,Tyler Flowers (10576808),Tyler Flowers,10576808,C,2800,NYM@ATL 04/21/2018 07:10PM ET,ATL,0
,,,,,,,,,,,OF,Leury Garcia (10576801),Leury Garcia,10576801,OF,2800,HOU@CWS 04/21/2018 07:10PM ET,CWS,5.42
,,,,,,,,,,,OF,Ryan Cordell (10576805),Ryan Cordell,10576805,OF,2800,HOU@CWS 04/21/2018 07:10PM ET,CWS,0
,,,,,,,,,,,C,Cameron Rupp (10576796),Cameron Rupp,10576796,C,2800,SEA@TEX 04/21/2018 08:05PM ET,TEX,0
,,,,,,,,,,,OF,Drew Robinson (10576809),Drew Robinson,10576809,OF,2800,SEA@TEX 04/21/2018 08:05PM ET,TEX,4.71
,,,,,,,,,,,OF,Mike Tauchman (10576817),Mike Tauchman,10576817,OF,2800,CHC@COL 04/21/2018 08:10PM ET,COL,0.5
,,,,,,,,,,,OF/SS,Mike Freeman (10576818),Mike Freeman,10576818,SS/OF,2800,CHC@COL 04/21/2018 08:10PM ET,CHC,0
,,,,,,,,,,,2B/3B,Tommy La Stella (10576820),Tommy La Stella,10576820,2B/3B,2800,CHC@COL 04/21/2018 08:10PM ET,CHC,2.62
,,,,,,,,,,,SS,Miguel Rojas (10576807),Miguel Rojas,10576807,SS,2800,MIA@MIL 04/21/2018 07:10PM ET,MIA,6.26
,,,,,,,,,,,2B,Chase Utley (10576810),Chase Utley,10576810,2B,2800,WAS@LAD 04/21/2018 09:10PM ET,LAD,6.93
,,,,,,,,,,,C,Pedro Severino (10576811),Pedro Severino,10576811,C,2800,WAS@LAD 04/21/2018 09:10PM ET,WAS,5.92
,,,,,,,,,,,OF,Jabari Blash (10576815),Jabari Blash,10576815,OF,2800,SF@LAA 04/21/2018 09:07PM ET,LAA,0
,,,,,,,,,,,SS,Jorge Mateo (10576812),Jorge Mateo,10576812,SS,2800,BOS@OAK 04/21/2018 09:05PM ET,OAK,0
,,,,,,,,,,,1B/OF,Mark Canha (10576813),Mark Canha,10576813,1B/OF,2800,BOS@OAK 04/21/2018 09:05PM ET,OAK,9.62
,,,,,,,,,,,C,Bruce Maxwell (10576816),Bruce Maxwell,10576816,C,2800,BOS@OAK 04/21/2018 09:05PM ET,OAK,5
,,,,,,,,,,,OF,Jeremy Hazelbaker (10576832),Jeremy Hazelbaker,10576832,OF,2700,SD@ARI 04/21/2018 08:10PM ET,ARI,0
,,,,,,,,,,,OF,Matt Szczur (10576837),Matt Szczur,10576837,OF,2700,SD@ARI 04/21/2018 08:10PM ET,SD,2
,,,,,,,,,,,OF,Trayce Thompson (10576828),Trayce Thompson,10576828,OF,2700,HOU@CWS 04/21/2018 07:10PM ET,CWS,1.25
,,,,,,,,,,,OF,Eloy Jimenez (10576830),Eloy Jimenez,10576830,OF,2700,HOU@CWS 04/21/2018 07:10PM ET,CWS,0
,,,,,,,,,,,C,Kevan Smith (10576833),Kevan Smith,10576833,C,2700,HOU@CWS 04/21/2018 07:10PM ET,CWS,0
,,,,,,,,,,,OF,Jayson Werth (10576823),Jayson Werth,10576823,OF,2700,SEA@TEX 04/21/2018 08:05PM ET,SEA,0
,,,,,,,,,,,3B/SS,Taylor Motter (10576824),Taylor Motter,10576824,3B/SS,2700,SEA@TEX 04/21/2018 08:05PM ET,SEA,3.62
,,,,,,,,,,,C,Mike Marjama (10576826),Mike Marjama,10576826,C,2700,SEA@TEX 04/21/2018 08:05PM ET,SEA,2.1
,,,,,,,,,,,C,David Freitas (10576834),David Freitas,10576834,C,2700,SEA@TEX 04/21/2018 08:05PM ET,SEA,4.36
,,,,,,,,,,,2B/3B,Gordon Beckham (10576838),Gordon Beckham,10576838,2B/3B,2700,SEA@TEX 04/21/2018 08:05PM ET,SEA,0
,,,,,,,,,,,OF,Ryan Rua (10576845),Ryan Rua,10576845,OF,2700,SEA@TEX 04/21/2018 08:05PM ET,TEX,3.38
,,,,,,,,,,,C,Tom Murphy (10576848),Tom Murphy,10576848,C,2700,CHC@COL 04/21/2018 08:10PM ET,COL,0
,,,,,,,,,,,OF,Mark Zagunis (10576849),Mark Zagunis,10576849,OF,2700,CHC@COL 04/21/2018 08:10PM ET,CHC,0
,,,,,,,,,,,OF,Raimel Tapia (10576850),Raimel Tapia,10576850,OF,2700,CHC@COL 04/21/2018 08:10PM ET,COL,0
,,,,,,,,,,,C,Victor Caratini (10576851),Victor Caratini,10576851,C,2700,CHC@COL 04/21/2018 08:10PM ET,CHC,4.56
,,,,,,,,,,,C,Tony Wolters (10576852),Tony Wolters,10576852,C,2700,CHC@COL 04/21/2018 08:10PM ET,COL,2.78
,,,,,,,,,,,C,Chris Gimenez (10576853),Chris Gimenez,10576853,C,2700,CHC@COL 04/21/2018 08:10PM ET,CHC,0
,,,,,,,,,,,OF,Lewis Brinson (10576829),Lewis Brinson,10576829,OF,2700,MIA@MIL 04/21/2018 07:10PM ET,MIA,4.17
,,,,,,,,,,,2B/SS,Eric Sogard (10576840),Eric Sogard,10576840,2B/SS,2700,MIA@MIL 04/21/2018 07:10PM ET,MIL,1.58
,,,,,,,,,,,OF,Steven Duggar (10576827),Steven Duggar,10576827,OF,2700,SF@LAA 04/21/2018 09:07PM ET,SF,0
,,,,,,,,,,,OF,Austin Jackson (10576842),Austin Jackson,10576842,OF,2700,SF@LAA 04/21/2018 09:07PM ET,SF,4.62
,,,,,,,,,,,OF,Gorkys Hernandez (10576844),Gorkys Hernandez,10576844,OF,2700,SF@LAA 04/21/2018 09:07PM ET,SF,2.93
,,,,,,,,,,,OF,Chris Young (10576846),Chris Young,10576846,OF,2700,SF@LAA 04/21/2018 09:07PM ET,LAA,2.9
,,,,,,,,,,,C,Martin Maldonado (10576847),Martin Maldonado,10576847,C,2700,SF@LAA 04/21/2018 09:07PM ET,LAA,4.4
,,,,,,,,,,,OF,Boog Powell (10576822),Boog Powell,10576822,OF,2700,BOS@OAK 04/21/2018 09:05PM ET,OAK,4.57
,,,,,,,,,,,1B,Sam Travis (10576831),Sam Travis,10576831,1B,2700,BOS@OAK 04/21/2018 09:05PM ET,BOS,0
,,,,,,,,,,,3B/SS,Marco Hernandez (10576835),Marco Hernandez,10576835,3B/SS,2700,BOS@OAK 04/21/2018 09:05PM ET,BOS,0
,,,,,,,,,,,C,Sandy Leon (10576843),Sandy Leon,10576843,C,2700,BOS@OAK 04/21/2018 09:05PM ET,BOS,2.14
,,,,,,,,,,,SS,Fernando Tatis Jr. (10576856),Fernando Tatis Jr.,10576856,SS,2600,SD@ARI 04/21/2018 08:10PM ET,SD,0
,,,,,,,,,,,3B,Deven Marrero (10576870),Deven Marrero,10576870,3B,2600,SD@ARI 04/21/2018 08:10PM ET,ARI,3.6
,,,,,,,,,,,OF,Jarrod Dyson (10576871),Jarrod Dyson,10576871,OF,2600,SD@ARI 04/21/2018 08:10PM ET,ARI,5.29
,,,,,,,,,,,3B/SS,Dusty Coleman (10576879),Dusty Coleman,10576879,3B/SS,2600,SD@ARI 04/21/2018 08:10PM ET,SD,0
,,,,,,,,,,,C/OF,Chris Herrmann (10576881),Chris Herrmann,10576881,C/OF,2600,SD@ARI 04/21/2018 08:10PM ET,ARI,0
,,,,,,,,,,,C,A.J. Ellis (10576884),A.J. Ellis,10576884,C,2600,SD@ARI 04/21/2018 08:10PM ET,SD,2.83
,,,,,,,,,,,SS,Allen Cordoba (10576885),Allen Cordoba,10576885,SS,2600,SD@ARI 04/21/2018 08:10PM ET,SD,0
,,,,,,,,,,,C,Luis Torrens (10576886),Luis Torrens,10576886,C,2600,SD@ARI 04/21/2018 08:10PM ET,SD,0
,,,,,,,,,,,3B/SS,Jose Reyes (10576854),Jose Reyes,10576854,3B/SS,2600,NYM@ATL 04/21/2018 07:10PM ET,NYM,0.15
,,,,,,,,,,,3B/SS,Johan Camargo (10576875),Johan Camargo,10576875,3B/SS,2600,NYM@ATL 04/21/2018 07:10PM ET,ATL,0
,,,,,,,,,,,1B,AJ Reed (10576862),AJ Reed,10576862,1B,2600,HOU@CWS 04/21/2018 07:10PM ET,HOU,0
,,,,,,,,,,,OF,Jake Marisnick (10576883),Jake Marisnick,10576883,OF,2600,HOU@CWS 04/21/2018 07:10PM ET,HOU,3.75
,,,,,,,,,,,OF,Kyle Lewis (10576857),Kyle Lewis,10576857,OF,2600,SEA@TEX 04/21/2018 08:05PM ET,SEA,0
,,,,,,,,,,,C,Brett Nicholas (10576858),Brett Nicholas,10576858,C,2600,SEA@TEX 04/21/2018 08:05PM ET,TEX,0
,,,,,,,,,,,1B,Tommy Joseph (10576863),Tommy Joseph,10576863,1B,2600,SEA@TEX 04/21/2018 08:05PM ET,TEX,0
,,,,,,,,,,,3B/OF,Renato Nunez (10576864),Renato Nunez,10576864,3B/OF,2600,SEA@TEX 04/21/2018 08:05PM ET,TEX,4
,,,,,,,,,,,OF,Guillermo Heredia (10576877),Guillermo Heredia,10576877,OF,2600,SEA@TEX 04/21/2018 08:05PM ET,SEA,4.4
,,,,,,,,,,,2B,Jemile Weeks (10576887),Jemile Weeks,10576887,2B,2600,CHC@COL 04/21/2018 08:10PM ET,CHC,0
,,,,,,,,,,,C,Stephen Vogt (10576859),Stephen Vogt,10576859,C,2600,MIA@MIL 04/21/2018 07:10PM ET,MIL,0
,,,,,,,,,,,2B/SS,Tyler Saladino (10576866),Tyler Saladino,10576866,2B/SS,2600,MIA@MIL 04/21/2018 07:10PM ET,MIL,2
,,,,,,,,,,,OF,Alex Verdugo (10576860),Alex Verdugo,10576860,OF,2600,WAS@LAD 04/21/2018 09:10PM ET,LAD,0
,,,,,,,,,,,OF,Franklin Gutierrez (10576868),Franklin Gutierrez,10576868,OF,2600,WAS@LAD 04/21/2018 09:10PM ET,LAD,0
,,,,,,,,,,,OF,Austin Slater (10576861),Austin Slater,10576861,OF,2600,SF@LAA 04/21/2018 09:07PM ET,SF,0
,,,,,,,,,,,OF,Hunter Pence (10576878),Hunter Pence,10576878,OF,2600,SF@LAA 04/21/2018 09:07PM ET,SF,3.12
,,,,,,,,,,,OF,Rusney Castillo (10576869),Rusney Castillo,10576869,OF,2600,BOS@OAK 04/21/2018 09:05PM ET,BOS,0
,,,,,,,,,,,C,Blake Swihart (10576872),Blake Swihart,10576872,C,2600,BOS@OAK 04/21/2018 09:05PM ET,BOS,2.12
,,,,,,,,,,,C,Josh Phegley (10576873),Josh Phegley,10576873,C,2600,BOS@OAK 04/21/2018 09:05PM ET,OAK,0
,,,,,,,,,,,OF,Jake Smolinski (10576874),Jake Smolinski,10576874,OF,2600,BOS@OAK 04/21/2018 09:05PM ET,OAK,1.4
,,,,,,,,,,,1B,Christian Walker (10576888),Christian Walker,10576888,1B,2500,SD@ARI 04/21/2018 08:10PM ET,ARI,1.29
,,,,,,,,,,,C,Raffy Lopez (10576907),Raffy Lopez,10576907,C,2500,SD@ARI 04/21/2018 08:10PM ET,SD,2
,,,,,,,,,,,C,John Ryan Murphy (10576911),John Ryan Murphy,10576911,C,2500,SD@ARI 04/21/2018 08:10PM ET,ARI,5.3
,,,,,,,,,,,3B,David Wright (10576890),David Wright,10576890,3B,2500,NYM@ATL 04/21/2018 07:10PM ET,NYM,0
,,,,,,,,,,,SS,Gavin Cecchini (10576892),Gavin Cecchini,10576892,SS,2500,NYM@ATL 04/21/2018 07:10PM ET,NYM,0
,,,,,,,,,,,C,Tomas Nido (10576903),Tomas Nido,10576903,C,2500,NYM@ATL 04/21/2018 07:10PM ET,NYM,1.43
,,,,,,,,,,,2B/SS,Charlie Culberson (10576917),Charlie Culberson,10576917,2B/SS,2500,NYM@ATL 04/21/2018 07:10PM ET,ATL,2.25
,,,,,,,,,,,1B,Tyler White (10576899),Tyler White,10576899,1B,2500,HOU@CWS 04/21/2018 07:10PM ET,HOU,0
,,,,,,,,,,,OF,Willy Garcia (10576904),Willy Garcia,10576904,OF,2500,HOU@CWS 04/21/2018 07:10PM ET,CWS,0
,,,,,,,,,,,C,Omar Narvaez (10576914),Omar Narvaez,10576914,C,2500,HOU@CWS 04/21/2018 07:10PM ET,CWS,3.11
,,,,,,,,,,,OF,Kyle Tucker (10576915),Kyle Tucker,10576915,OF,2500,HOU@CWS 04/21/2018 07:10PM ET,HOU,0
,,,,,,,,,,,SS,Zach Vincej (10576908),Zach Vincej,10576908,SS,2500,SEA@TEX 04/21/2018 08:05PM ET,SEA,0
,,,,,,,,,,,2B/3B,Isiah Kiner-Falefa (10576919),Isiah Kiner-Falefa,10576919,2B/3B,2500,SEA@TEX 04/21/2018 08:05PM ET,TEX,4.11
,,,,,,,,,,,1B/OF,Stephen Cardullo (10576923),Stephen Cardullo,10576923,1B/OF,2500,CHC@COL 04/21/2018 08:10PM ET,COL,0
,,,,,,,,,,,C,Jacob Nottingham (10576893),Jacob Nottingham,10576893,C,2500,MIA@MIL 04/21/2018 07:10PM ET,MIL,3
,,,,,,,,,,,2B/3B,Martin Prado (10576894),Martin Prado,10576894,2B/3B,2500,MIA@MIL 04/21/2018 07:10PM ET,MIA,0
,,,,,,,,,,,2B/SS,JT Riddle (10576900),JT Riddle,10576900,2B/SS,2500,MIA@MIL 04/21/2018 07:10PM ET,MIA,0
,,,,,,,,,,,OF,Andrew Toles (10576889),Andrew Toles,10576889,OF,2500,WAS@LAD 04/21/2018 09:10PM ET,LAD,0
,,,,,,,,,,,OF,Yusniel Diaz (10576891),Yusniel Diaz,10576891,OF,2500,WAS@LAD 04/21/2018 09:10PM ET,LAD,0
,,,,,,,,,,,3B/OF,Rob Segedin (10576896),Rob Segedin,10576896,3B/OF,2500,WAS@LAD 04/21/2018 09:10PM ET,LAD,0
,,,,,,,,,,,OF,Moises Sierra (10576921),Moises Sierra,10576921,OF,2500,WAS@LAD 04/21/2018 09:10PM ET,WAS,4.67
,,,,,,,,,,,OF,Jarrett Parker (10576898),Jarrett Parker,10576898,OF,2500,SF@LAA 04/21/2018 09:07PM ET,SF,0
,,,,,,,,,,,2B,Kaleb Cowart (10576902),Kaleb Cowart,10576902,2B,2500,SF@LAA 04/21/2018 09:07PM ET,LAA,0
,,,,,,,,,,,2B/SS,Alen Hanson (10576905),Alen Hanson,10576905,2B/SS,2500,SF@LAA 04/21/2018 09:07PM ET,SF,0
,,,,,,,,,,,2B/SS,Chase d'Arnaud (10576909),Chase d'Arnaud,10576909,2B/SS,2500,SF@LAA 04/21/2018 09:07PM ET,SF,0
,,,,,,,,,,,2B/SS,Kelby Tomlinson (10576912),Kelby Tomlinson,10576912,2B/SS,2500,SF@LAA 04/21/2018 09:07PM ET,SF,2.33
,,,,,,,,,,,C,Rene Rivera (10576916),Rene Rivera,10576916,C,2500,SF@LAA 04/21/2018 09:07PM ET,LAA,5.6
,,,,,,,,,,,OF,Brandon Marsh (10576922),Brandon Marsh,10576922,OF,2500,SF@LAA 04/21/2018 09:07PM ET,LAA,0
,,,,,,,,,,,OF,Rey Fuentes (10576926),Rey Fuentes,10576926,OF,2400,SD@ARI 04/21/2018 08:10PM ET,ARI,0
,,,,,,,,,,,C,Anthony Recker (10576934),Anthony Recker,10576934,C,2400,SD@ARI 04/21/2018 08:10PM ET,ARI,0
,,,,,,,,,,,3B,Rio Ruiz (10576928),Rio Ruiz,10576928,3B,2400,NYM@ATL 04/21/2018 07:10PM ET,ATL,0
,,,,,,,,,,,OF,Danny Santana (10576930),Danny Santana,10576930,OF,2400,NYM@ATL 04/21/2018 07:10PM ET,ATL,0
,,,,,,,,,,,OF,Ezequiel Carrera (10576940),Ezequiel Carrera,10576940,OF,2400,NYM@ATL 04/21/2018 07:10PM ET,ATL,0
,,,,,,,,,,,2B/3B,Ty Kelly (10576941),Ty Kelly,10576941,2B/3B,2400,NYM@ATL 04/21/2018 07:10PM ET,NYM,0
,,,,,,,,,,,OF,Peter Bourjos (10576948),Peter Bourjos,10576948,OF,2400,NYM@ATL 04/21/2018 07:10PM ET,ATL,1.59
,,,,,,,,,,,SS,Kevin Maitan (10576949),Kevin Maitan,10576949,SS,2400,NYM@ATL 04/21/2018 07:10PM ET,ATL,0
,,,,,,,,,,,C,Jose Lobaton (10576950),Jose Lobaton,10576950,C,2400,NYM@ATL 04/21/2018 07:10PM ET,NYM,3.14
,,,,,,,,,,,OF,Tony Kemp (10576925),Tony Kemp,10576925,OF,2400,HOU@CWS 04/21/2018 07:10PM ET,HOU,0
,,,,,,,,,,,C,Zack Collins (10576927),Zack Collins,10576927,C,2400,HOU@CWS 04/21/2018 07:10PM ET,CWS,0
,,,,,,,,,,,C,Juan Centeno (10576939),Juan Centeno,10576939,C,2400,SEA@TEX 04/21/2018 08:05PM ET,TEX,3.2
,,,,,,,,,,,OF,Ichiro Suzuki (10576951),Ichiro Suzuki,10576951,OF,2400,SEA@TEX 04/21/2018 08:05PM ET,SEA,2.46
,,,,,,,,,,,SS,Aramis Ademan (10576952),Aramis Ademan,10576952,SS,2400,CHC@COL 04/21/2018 08:10PM ET,CHC,0
,,,,,,,,,,,3B,Colton Welker (10576953),Colton Welker,10576953,3B,2400,CHC@COL 04/21/2018 08:10PM ET,COL,0
,,,,,,,,,,,3B,Lucas Erceg (10576943),Lucas Erceg,10576943,3B,2400,MIA@MIL 04/21/2018 07:10PM ET,MIL,0
,,,,,,,,,,,2B/SS,Matt Reynolds (10576935),Matt Reynolds,10576935,2B/SS,2400,WAS@LAD 04/21/2018 09:10PM ET,WAS,1.12
,,,,,,,,,,,OF,Mac Williamson (10576931),Mac Williamson,10576931,OF,2400,SF@LAA 04/21/2018 09:07PM ET,SF,16
,,,,,,,,,,,3B,Ryder Jones (10576932),Ryder Jones,10576932,3B,2400,SF@LAA 04/21/2018 09:07PM ET,SF,0
,,,,,,,,,,,2B,Nolan Fontana (10576933),Nolan Fontana,10576933,2B,2400,SF@LAA 04/21/2018 09:07PM ET,LAA,0
,,,,,,,,,,,OF,Gregor Blanco (10576944),Gregor Blanco,10576944,OF,2400,SF@LAA 04/21/2018 09:07PM ET,SF,4.36
,,,,,,,,,,,C,Hector Sanchez (10576945),Hector Sanchez,10576945,C,2400,SF@LAA 04/21/2018 09:07PM ET,SF,0
,,,,,,,,,,,2B/3B,Josh Rutledge (10576946),Josh Rutledge,10576946,2B/3B,2400,SF@LAA 04/21/2018 09:07PM ET,SF,0
,,,,,,,,,,,1B/OF,Michael Morse (10576954),Michael Morse,10576954,1B/OF,2400,SF@LAA 04/21/2018 09:07PM ET,SF,0
,,,,,,,,,,,2B,Max Schrock (10576929),Max Schrock,10576929,2B,2400,BOS@OAK 04/21/2018 09:05PM ET,OAK,0
,,,,,,,,,,,C,Dustin Garneau (10576937),Dustin Garneau,10576937,C,2400,BOS@OAK 04/21/2018 09:05PM ET,OAK,0
,,,,,,,,,,,C,Sean Murphy (10576938),Sean Murphy,10576938,C,2400,BOS@OAK 04/21/2018 09:05PM ET,OAK,0
,,,,,,,,,,,SS,Jack Reinheimer (10576958),Jack Reinheimer,10576958,SS,2300,SD@ARI 04/21/2018 08:10PM ET,ARI,0
,,,,,,,,,,,2B/SS,Kristopher Negron (10576962),Kristopher Negron,10576962,2B/SS,2300,SD@ARI 04/21/2018 08:10PM ET,ARI,0
,,,,,,,,,,,3B,Austin Riley (10576970),Austin Riley,10576970,3B,2300,NYM@ATL 04/21/2018 07:10PM ET,ATL,0
,,,,,,,,,,,OF,Blake Rutherford (10576981),Blake Rutherford,10576981,OF,2300,HOU@CWS 04/21/2018 07:10PM ET,CWS,0
,,,,,,,,,,,OF,Luis Robert (10576982),Luis Robert,10576982,OF,2300,HOU@CWS 04/21/2018 07:10PM ET,CWS,0
,,,,,,,,,,,OF,Kirk Nieuwenhuis (10576972),Kirk Nieuwenhuis,10576972,OF,2300,SEA@TEX 04/21/2018 08:05PM ET,SEA,0
,,,,,,,,,,,1B,Mike Ford (10576983),Mike Ford,10576983,1B,2300,SEA@TEX 04/21/2018 08:05PM ET,SEA,0
,,,,,,,,,,,1B,Evan White (10576984),Evan White,10576984,1B,2300,SEA@TEX 04/21/2018 08:05PM ET,SEA,0
,,,,,,,,,,,1B,Efren Navarro (10576959),Efren Navarro,10576959,1B,2300,CHC@COL 04/21/2018 08:10PM ET,CHC,0.75
,,,,,,,,,,,C,Tomas Telis (10576960),Tomas Telis,10576960,C,2300,MIA@MIL 04/21/2018 07:10PM ET,MIA,1.67
,,,,,,,,,,,2B/SS,Grant Green (10576964),Grant Green,10576964,2B/SS,2300,MIA@MIL 04/21/2018 07:10PM ET,MIA,0
,,,,,,,,,,,2B/SS,Cristhian Adames (10576966),Cristhian Adames,10576966,2B/SS,2300,MIA@MIL 04/21/2018 07:10PM ET,MIA,0
,,,,,,,,,,,C,Bryan Holaday (10576971),Bryan Holaday,10576971,C,2300,MIA@MIL 04/21/2018 07:10PM ET,MIA,2.83
,,,,,,,,,,,1B/OF,Ji-Man Choi (10576973),Ji-Man Choi,10576973,1B/OF,2300,MIA@MIL 04/21/2018 07:10PM ET,MIL,7
,,,,,,,,,,,2B,Keston Hiura (10576985),Keston Hiura,10576985,2B,2300,MIA@MIL 04/21/2018 07:10PM ET,MIL,0
,,,,,,,,,,,1B/OF,O'Koyea Dickson (10576956),O'Koyea Dickson,10576956,1B/OF,2300,WAS@LAD 04/21/2018 09:10PM ET,LAD,0
,,,,,,,,,,,C,Kyle Farmer (10576961),Kyle Farmer,10576961,C,2300,WAS@LAD 04/21/2018 09:10PM ET,LAD,3.09
,,,,,,,,,,,C,Miguel Montero (10576968),Miguel Montero,10576968,C,2300,WAS@LAD 04/21/2018 09:10PM ET,WAS,1
,,,,,,,,,,,2B/SS,Adrian Sanchez (10576976),Adrian Sanchez,10576976,2B/SS,2300,WAS@LAD 04/21/2018 09:10PM ET,WAS,0
,,,,,,,,,,,OF,Andrew Stevenson (10576978),Andrew Stevenson,10576978,OF,2300,WAS@LAD 04/21/2018 09:10PM ET,WAS,0
,,,,,,,,,,,C,Rocky Gale (10576980),Rocky Gale,10576980,C,2300,WAS@LAD 04/21/2018 09:10PM ET,LAD,0
,,,,,,,,,,,OF,Rafael Bautista (10576986),Rafael Bautista,10576986,OF,2300,WAS@LAD 04/21/2018 09:10PM ET,WAS,0
,,,,,,,,,,,C,Jhonatan Solano (10576987),Jhonatan Solano,10576987,C,2300,WAS@LAD 04/21/2018 09:10PM ET,WAS,0
,,,,,,,,,,,C,Nick Hundley (10576979),Nick Hundley,10576979,C,2300,SF@LAA 04/21/2018 09:07PM ET,SF,4.27
,,,,,,,,,,,OF,Jo Adell (10576988),Jo Adell,10576988,OF,2300,SF@LAA 04/21/2018 09:07PM ET,LAA,0
,,,,,,,,,,,OF,Jahmai Jones (10576989),Jahmai Jones,10576989,OF,2300,SF@LAA 04/21/2018 09:07PM ET,LAA,0
,,,,,,,,,,,C,Mike Ohlman (10576969),Mike Ohlman,10576969,C,2300,BOS@OAK 04/21/2018 09:05PM ET,BOS,0
,,,,,,,,,,,3B,Michael Chavis (10576975),Michael Chavis,10576975,3B,2300,BOS@OAK 04/21/2018 09:05PM ET,BOS,0
,,,,,,,,,,,SS,Domingo Leyba (10576991),Domingo Leyba,10576991,SS,2200,SD@ARI 04/21/2018 08:10PM ET,ARI,0
,,,,,,,,,,,OF,Shane Peterson (10577008),Shane Peterson,10577008,OF,2200,SD@ARI 04/21/2018 08:10PM ET,SD,0
,,,,,,,,,,,C,Jeff Mathis (10577011),Jeff Mathis,10577011,C,2200,SD@ARI 04/21/2018 08:10PM ET,ARI,3.25
,,,,,,,,,,,OF,Marcus Wilson (10577012),Marcus Wilson,10577012,OF,2200,SD@ARI 04/21/2018 08:10PM ET,ARI,0
,,,,,,,,,,,C,Carlos Perez (10577000),Carlos Perez,10577000,C,2200,NYM@ATL 04/21/2018 07:10PM ET,ATL,1.6
,,,,,,,,,,,C,Chris Stewart (10577013),Chris Stewart,10577013,C,2200,NYM@ATL 04/21/2018 07:10PM ET,ATL,4.6
,,,,,,,,,,,SS,Andres Gimenez (10577014),Andres Gimenez,10577014,SS,2200,NYM@ATL 04/21/2018 07:10PM ET,NYM,0
,,,,,,,,,,,C,Tim Federowicz (10576995),Tim Federowicz,10576995,C,2200,HOU@CWS 04/21/2018 07:10PM ET,HOU,0
,,,,,,,,,,,3B,Trevor Plouffe (10577001),Trevor Plouffe,10577001,3B,2200,SEA@TEX 04/21/2018 08:05PM ET,TEX,0
,,,,,,,,,,,C,Tuffy Gosewisch (10577003),Tuffy Gosewisch,10577003,C,2200,SEA@TEX 04/21/2018 08:05PM ET,SEA,0
,,,,,,,,,,,2B/SS,Darwin Barney (10577006),Darwin Barney,10577006,2B/SS,2200,SEA@TEX 04/21/2018 08:05PM ET,TEX,0
,,,,,,,,,,,OF,Andrew Romine (10577015),Andrew Romine,10577015,OF,2200,SEA@TEX 04/21/2018 08:05PM ET,SEA,0.22
,,,,,,,,,,,OF,Carlos Tocci (10577016),Carlos Tocci,10577016,OF,2200,SEA@TEX 04/21/2018 08:05PM ET,TEX,0.8
,,,,,,,,,,,OF,Monte Harrison (10576990),Monte Harrison,10576990,OF,2200,MIA@MIL 04/21/2018 07:10PM ET,MIA,0
,,,,,,,,,,,SS,Isan Diaz (10576992),Isan Diaz,10576992,SS,2200,MIA@MIL 04/21/2018 07:10PM ET,MIL,0
,,,,,,,,,,,OF,Magneuris Sierra (10576993),Magneuris Sierra,10576993,OF,2200,MIA@MIL 04/21/2018 07:10PM ET,MIA,0
,,,,,,,,,,,1B,Garrett Cooper (10576994),Garrett Cooper,10576994,1B,2200,MIA@MIL 04/21/2018 07:10PM ET,MIA,2.25
,,,,,,,,,,,OF,Brett Phillips (10577002),Brett Phillips,10577002,OF,2200,MIA@MIL 04/21/2018 07:10PM ET,MIL,1.5
,,,,,,,,,,,2B/SS,Yadiel Rivera (10577004),Yadiel Rivera,10577004,2B/SS,2200,MIA@MIL 04/21/2018 07:10PM ET,MIA,1.08
,,,,,,,,,,,1B/OF,Scott Van Slyke (10577009),Scott Van Slyke,10577009,1B/OF,2200,MIA@MIL 04/21/2018 07:10PM ET,MIA,0
,,,,,,,,,,,2B/SS,Breyvic Valera (10576996),Breyvic Valera,10576996,2B/SS,2200,WAS@LAD 04/21/2018 09:10PM ET,LAD,1
,,,,,,,,,,,OF,Juan Soto (10577017),Juan Soto,10577017,OF,2200,WAS@LAD 04/21/2018 09:10PM ET,WAS,0
,,,,,,,,,,,SS,Carter Kieboom (10577018),Carter Kieboom,10577018,SS,2200,WAS@LAD 04/21/2018 09:10PM ET,WAS,0
,,,,,,,,,,,3B,Miguel Gomez (10576998),Miguel Gomez,10576998,3B,2200,SF@LAA 04/21/2018 09:07PM ET,SF,0
,,,,,,,,,,,SS,Orlando Calixte (10576999),Orlando Calixte,10576999,SS,2200,SF@LAA 04/21/2018 09:07PM ET,SF,0
,,,,,,,,,,,C,Juan Graterol (10577019),Juan Graterol,10577019,C,2200,SF@LAA 04/21/2018 09:07PM ET,LAA,0
,,,,,,,,,,,3B,Wander Franco (10577020),Wander Franco,10577020,3B,2200,SF@LAA 04/21/2018 09:07PM ET,SF,0
,,,,,,,,,,,3B/OF,Steve Selsky (10577021),Steve Selsky,10577021,3B/OF,2200,BOS@OAK 04/21/2018 09:05PM ET,BOS,0
,,,,,,,,,,,OF,Austin Beck (10577023),Austin Beck,10577023,OF,2200,BOS@OAK 04/21/2018 09:05PM ET,OAK,0
,,,,,,,,,,,OF,Lazaro Armenteros (10577024),Lazaro Armenteros,10577024,OF,2200,BOS@OAK 04/21/2018 09:05PM ET,OAK,0
,,,,,,,,,,,1B,Pavin Smith (10577031),Pavin Smith,10577031,1B,2100,SD@ARI 04/21/2018 08:10PM ET,ARI,0
,,,,,,,,,,,C,Daulton Varsho (10577032),Daulton Varsho,10577032,C,2100,SD@ARI 04/21/2018 08:10PM ET,ARI,0
,,,,,,,,,,,OF,Matt den Dekker (10577029),Matt den Dekker,10577029,OF,2100,NYM@ATL 04/21/2018 07:10PM ET,NYM,0
,,,,,,,,,,,3B,Phillip Evans (10577033),Phillip Evans,10577033,3B,2100,NYM@ATL 04/21/2018 07:10PM ET,NYM,0
,,,,,,,,,,,1B/C,Taylor Davis (10577026),Taylor Davis,10577026,C/1B,2100,CHC@COL 04/21/2018 08:10PM ET,CHC,0
,,,,,,,,,,,2B,Johnny Giavotella (10577025),Johnny Giavotella,10577025,2B,2100,MIA@MIL 04/21/2018 07:10PM ET,MIA,0
,,,,,,,,,,,C,Chad Wallach (10577028),Chad Wallach,10577028,C,2100,MIA@MIL 04/21/2018 07:10PM ET,MIA,2.67
,,,,,,,,,,,OF,JB Shuck (10577030),JB Shuck,10577030,OF,2100,MIA@MIL 04/21/2018 07:10PM ET,MIA,5.14
,,,,,,,,,,,OF,Eric Young Jr. (10577034),Eric Young Jr.,10577034,OF,2100,SF@LAA 04/21/2018 09:07PM ET,LAA,0
,,,,,,,,,,,2B/SS,Andres Blanco (10577035),Andres Blanco,10577035,2B/SS,2100,SF@LAA 04/21/2018 09:07PM ET,SF,0
,,,,,,,,,,,C,Rob Brantly (10577040),Rob Brantly,10577040,C,2000,NYM@ATL 04/21/2018 07:10PM ET,ATL,0
,,,,,,,,,,,SS,Tyler Smith (10577043),Tyler Smith,10577043,SS,2000,NYM@ATL 04/21/2018 07:10PM ET,ATL,0
,,,,,,,,,,,2B/SS,Christian Colon (10577046),Christian Colon,10577046,2B/SS,2000,NYM@ATL 04/21/2018 07:10PM ET,ATL,0
,,,,,,,,,,,OF,Jaff Decker (10577053),Jaff Decker,10577053,OF,2000,NYM@ATL 04/21/2018 07:10PM ET,ATL,0
,,,,,,,,,,,OF,Yordan Alvarez (10577052),Yordan Alvarez,10577052,OF,2000,HOU@CWS 04/21/2018 07:10PM ET,HOU,0
,,,,,,,,,,,OF,Jacob May (10577054),Jacob May,10577054,OF,2000,HOU@CWS 04/21/2018 07:10PM ET,CWS,0
,,,,,,,,,,,OF,Brett Eibner (10577038),Brett Eibner,10577038,OF,2000,SEA@TEX 04/21/2018 08:05PM ET,TEX,0
,,,,,,,,,,,2B/SS,Hanser Alberto (10577048),Hanser Alberto,10577048,2B/SS,2000,SEA@TEX 04/21/2018 08:05PM ET,TEX,0
,,,,,,,,,,,OF,Cameron Perkins (10577055),Cameron Perkins,10577055,OF,2000,SEA@TEX 04/21/2018 08:05PM ET,SEA,0
,,,,,,,,,,,3B,Joe Rizzo (10577056),Joe Rizzo,10577056,3B,2000,SEA@TEX 04/21/2018 08:05PM ET,SEA,0
,,,,,,,,,,,OF,Leody Taveras (10577057),Leody Taveras,10577057,OF,2000,SEA@TEX 04/21/2018 08:05PM ET,TEX,0
,,,,,,,,,,,OF,Bubba Thompson (10577058),Bubba Thompson,10577058,OF,2000,SEA@TEX 04/21/2018 08:05PM ET,TEX,0
,,,,,,,,,,,OF,Jacob Hannemann (10577037),Jacob Hannemann,10577037,OF,2000,CHC@COL 04/21/2018 08:10PM ET,CHC,0
,,,,,,,,,,,2B/OF,Nick Franklin (10577041),Nick Franklin,10577041,2B/OF,2000,MIA@MIL 04/21/2018 07:10PM ET,MIL,0
,,,,,,,,,,,OF,Braxton Lee (10577059),Braxton Lee,10577059,OF,2000,MIA@MIL 04/21/2018 07:10PM ET,MIA,1.88
,,,,,,,,,,,C,Raudy Read (10577039),Raudy Read,10577039,C,2000,WAS@LAD 04/21/2018 09:10PM ET,WAS,0
,,,,,,,,,,,OF,Alejandro De Aza (10577050),Alejandro De Aza,10577050,OF,2000,WAS@LAD 04/21/2018 09:10PM ET,WAS,0
,,,,,,,,,,,C,Keibert Ruiz (10577060),Keibert Ruiz,10577060,C,2000,WAS@LAD 04/21/2018 09:10PM ET,LAD,0
,,,,,,,,,,,OF,Ryan Raburn (10577061),Ryan Raburn,10577061,OF,2000,WAS@LAD 04/21/2018 09:10PM ET,WAS,0
,,,,,,,,,,,1B,Chris Carter (10577051),Chris Carter,10577051,1B,2000,SF@LAA 04/21/2018 09:07PM ET,LAA,0
,,,,,,,,,,,OF,Rymer Liriano (10577062),Rymer Liriano,10577062,OF,2000,SF@LAA 04/21/2018 09:07PM ET,LAA,0
,,,,,,,,,,,OF,Heliot Ramos (10577063),Heliot Ramos,10577063,OF,2000,SF@LAA 04/21/2018 09:07PM ET,SF,0
,,,,,,,,,,,2B/OF,Steve Lombardozzi (10577044),Steve Lombardozzi,10577044,2B/OF,2000,BOS@OAK 04/21/2018 09:05PM ET,OAK,0
